Machiavellianism,Narcissism,Psychopathy,Sadism,Depression
8.089080152283577,11.338535868575143,9.547890490708156,8.439454539729647,32.67231896361368
10.943402389962394,10.095223352887432,11.701980301346742,11.28013933349006,34.589703899664194
10.101338512486317,9.526718367619813,9.248804663290745,11.409736345597265,34.921013448113726
11.466260115374075,13.165122974922498,9.867784595690678,10.539912196270388,32.67304584434132
10.688327322182653,11.413698354875653,10.474787599206985,9.784143768740416,50.52272871882591
10.806795700920597,8.847556554742738,11.109796775330217,9.617915692604937,54.799616941737284
9.962131798539371,10.601844002322183,8.846346993819846,8.674778876189345,32.82469890475228
9.380384421132575,10.495907757259044,9.718574197281445,10.682689325657137,14.092306801150944
10.183950591951541,9.961980451028587,10.383179444505222,11.887684518822272,49.62424197789806
9.12657851395335,10.401344108936819,8.122858795736429,10.809152409119594,34.90249272966485
11.191625103407915,10.75829578568159,9.876756018957616,11.070034759303839,46.05612387176099
10.55590464081884,9.338331269505884,11.019198117219688,10.518766945598411,41.485438375243326
11.512762357701014,10.063818606842252,10.130202881397864,8.686570736501457,29.65071286966937
9.258150819253002,8.3461598035692,8.243539963916643,8.987544387663435,35.38952138813112
10.06512224985156,8.448183654147446,12.343942609432053,9.493006370304602,70.39623063854327
10.075809592747508,12.01739823838191,10.176855410918936,10.229686789677592,36.715925737026474
9.869360331123938,11.17274783769201,9.378799199782724,9.105011978893547,43.10958356472278
9.041315732042435,9.054785221650274,9.698523432628562,10.132247991376245,49.262848015955505
9.438819458854264,7.308277126049839,8.31403078881386,9.460400004208356,43.142794231780385
9.68648375585165,8.983163388172851,9.462252892651177,10.615045909572434,22.734063073099087
7.496499990513024,10.956022404346204,9.463435095394612,8.859227085817299,28.5950993834994
9.873343380101403,11.132516037475671,9.485348032354256,10.738693790308488,37.75767920311262
9.943606331743146,10.526373487800571,10.451764727771238,10.745638190044813,34.66351592314699
11.180352550440842,10.10290645324669,10.831346076015205,9.182276252478445,47.35203023675503
11.420997520609648,9.053009855254945,11.48651124691205,10.515674384965665,41.69441923693404
9.432460596811298,10.401359153455466,9.69546682923167,11.164026783752373,23.82202328590907
10.995469402517395,9.594311801781595,10.11235668199443,9.632603693326928,61.05965031946364
9.216211106945263,10.183307763971849,8.827872051832937,9.053653563020474,50.315756506626784
10.16251851266151,9.724555956909157,10.44962014993918,9.997182279643033,54.63414215519244
9.644193171647329,8.551041543543416,11.149276391847241,11.683240763769913,59.388114739578526
9.702846546478545,10.637909861957008,9.80285751825092,10.314671225055303,35.31462765128245
11.154982034641316,7.3534933182280415,11.093892804459939,8.97866731085203,55.30835438314512
10.207681242987041,9.378499641331253,11.025711218400513,10.821323850011753,42.3315537159263
8.992096372458885,10.314712265243223,9.248112398879211,11.079730830299892,28.482330878697994
8.858810221624813,10.414736481413774,8.176448977556484,13.377835435556383,38.40964115803323
10.281633501077133,11.534843515122576,10.709780407167223,7.870278134198025,51.6005199226505
8.56822653885648,10.871643866719324,10.248823332092824,9.488135421968611,41.64263066395182
10.559417382431848,10.711010789868272,10.201707876913218,9.56665674294037,32.94629136420642
10.457135620801406,9.068486768061144,9.920988300039735,11.84785831323054,46.072999144747506
9.564706639814238,9.610828356815754,10.066904295700452,8.813421268354238,34.02153770597989
12.481247144044122,7.102504940231901,8.502272603704073,8.222814160405031,53.77791176787546
9.11126627870978,9.942801434310175,9.927115735471164,10.758202960893914,39.236658871619234
9.518864897667264,9.539267101995435,8.363694782792912,10.844520041944982,39.450787041880915
11.06059914723766,9.537168922558614,10.392027203937781,12.243868725431444,36.83196681480179
10.372850650196181,12.349804223390425,9.454024107022638,10.793857452095079,35.930778817107836
10.675036854806025,13.56263325339792,9.910041164056267,9.787601042397386,23.976297532982283
11.272498331663279,9.72837298134625,8.590057954161033,9.970218165086088,25.187258734074945
10.079512860098404,9.00323776073593,10.418471664331829,10.4513669383529,41.213247480592656
8.963283410326213,9.638780443482105,9.249710500385513,11.239400793100135,43.428493610776115
10.09906841308263,12.066234894901559,10.505554341498184,8.842654467359388,46.41834218515906
11.340827807911804,10.676225741009931,10.513621260777557,10.814253208699483,40.90075173558337
10.00399096943717,11.272650499715715,10.32265386296244,11.24786730845944,20.5676748862425
9.393181301029578,9.884656615860331,10.723305065948296,10.381443639158661,34.503268584554036
8.845763792973424,8.735903855638393,10.005191248484161,10.918851506044616,48.04067360916134
9.552315166680215,9.94337332046525,11.524882503017253,9.427792435893354,46.254548519778936
9.95453045779029,10.521667702874485,8.528273958025158,8.25727157044452,47.31629237860186
9.80188848514651,10.885078507141252,10.348464365329384,11.384540313705823,41.05229212747068
9.690575503030507,8.765856594721898,9.994367679734125,9.695058513053102,58.5213536145919
9.846890484959074,10.906768478465434,11.239293525618672,10.045536434359297,55.404715052474245
10.334995198991445,11.854818469011704,12.058883184681363,11.512425378127311,43.457390079498396
7.033500943670543,11.119961434537482,9.935697959361855,10.203587749188959,29.12702993867347
11.049123138679846,9.662245094385307,8.868097693307408,11.62550063521994,65.14864612886576
9.536158735138011,8.71448210150788,8.798692691628537,12.167680458034129,20.13560457048748
9.457769447109055,10.784545515063034,10.591439581677193,10.934763332918562,44.43635879656237
10.310017188574946,10.382198715208453,10.657049144042283,10.0436227293078,47.076874995582465
9.661322447947212,6.30427035878228,12.38391156765491,9.853025194162367,55.359658959045866
10.77903538392189,10.671469981347718,9.643340882877622,10.864483915387863,48.080793238282766
9.391543628404884,12.01619257921316,10.938857925941333,7.682256801172205,42.16801964622169
8.853959206213688,10.234981086396218,10.752355789751606,11.12089049416163,34.987247850031046
10.602833426889717,10.034568056293866,9.565626633537576,10.631106088783277,57.95689484616898
9.790657244508902,10.150341419550305,10.429447398731783,12.066052861594383,54.616460471921044
9.01222807634383,9.978962771999344,11.768073933404466,10.520319046708787,44.78468483970929
10.465955096878155,9.316879789005904,10.794167773403327,10.88596317005805,63.75564801405115
9.926025780156033,10.062502831429846,10.565319832801155,10.003866577296721,44.82231476608046
9.312561235767205,9.971304714136481,9.279670312726342,12.164169769456443,38.64031356751424
8.91289926207271,9.52013154100549,8.198459910535144,10.181335779876312,37.3130796519377
8.290206216981346,10.091377692118254,10.594082538865772,11.368895660883993,44.08947766581108
7.85242083886513,10.771781823753592,11.89244386542585,9.082453724629453,55.801467109369796
10.096036653351367,9.104821460451285,10.000258369367288,10.566947626665446,37.40553396523261
8.761289694716835,10.458353359894339,8.757593993962058,8.664127710794325,25.253029470294564
10.905123339334903,10.145165951541113,9.942530960408607,8.755014824176945,23.682733270306912
10.42509733308276,11.572214530634486,10.999627743878019,8.434745934705575,50.64419476014302
9.489262206982978,9.458705985693976,10.954807803927174,12.113804605196407,37.307215723051925
8.92163827588159,11.244541815745862,10.915410726721577,10.92861940233187,12.138619846619257
10.650613846866385,8.327074164270233,9.661309884303103,7.952848320263527,44.79859255684354
11.397031350872348,9.704864868296177,10.731354504390412,10.11308653332518,41.44499586559352
10.772547193243426,7.85502483851694,10.028277368503751,10.42696927295252,58.099861981990884
9.406250308488113,9.863248820792078,9.759572715637475,11.812893157030025,47.22434156885518
9.973804461532504,11.386478814808477,9.21789043399653,8.917702803950347,53.32268018127986
11.563781735634752,10.809444108593448,10.139935833995835,11.016779814970116,47.54202297360247
11.209717215203552,11.289325982523184,9.247804289201921,10.14728161006124,44.511704255542135
9.636736330147286,8.83748853278622,10.305732163850864,9.574173916166954,54.34664085448448
10.053466714546909,8.525777887159027,9.75016084668404,10.578229634132095,58.97546369350053
11.45775593558595,9.983650820022289,11.959107790825803,9.481796536646677,33.97974200323614
10.808505152596517,9.330549114697348,9.988102522711623,10.485057314445609,56.363892336175525
9.42060481448355,10.872220408158173,9.625582319141712,10.25680024170371,40.9446208527671
9.973080395342071,11.67827398247215,10.679082213117738,10.386784071745822,47.50669437700703
11.410206224126858,10.656699607351861,11.668384195644588,11.26846121975257,51.73237636573184
10.40718448218781,11.931391624159236,9.777392175727128,8.44169869461889,46.68140444325889
10.72858642853202,9.581235428037433,10.18687209572327,8.014491426559415,59.17349852055072
9.445968792751954,10.59702467103879,10.029862403695695,8.883906784218668,40.2139125578705
9.741469217617974,10.308936194294867,9.956176137036433,9.551951057560407,34.55447688219664
9.464369603800257,9.53919558796046,11.06401362242272,11.069711495228486,55.93276837443121
11.096955986002937,10.055068831562819,8.91852892243082,9.993621117442249,49.08441586213941
11.099878743253445,10.764870609771096,11.918799463540713,11.820930617881617,46.27386793031796
9.860579560104243,9.385947314469362,10.294781726095088,10.915708433406534,50.89908563878672
10.717812900426912,9.979273818571894,9.39940100822308,9.350452924330433,58.34667360184464
10.056654524969197,10.305594946032633,8.118415949054063,9.834154964165503,33.97401733891411
10.150512858698978,9.763500785232917,9.482883216270272,10.579550064080866,34.63275664134573
9.196600898098323,9.558947737185452,10.158827954293223,9.250905411996651,47.109475294756336
10.22552439681165,10.63066574821871,10.051435770606382,9.035616994443618,28.53365992768822
10.602540459565143,10.511046144854037,12.061800973527369,9.742625098783918,29.086579848899866
11.699691571930769,10.332169195435979,9.899933139744943,12.027493072636446,33.85926145055446
11.144594387843695,9.464554986028444,8.30832842554728,10.919453130942006,39.84344975260992
9.530655738209136,10.41188968732175,10.037305893832208,9.653435435720352,31.066508257270257
11.066936116125545,10.648871335825186,11.547553703428207,9.86657915152318,33.74534756753481
9.419947968121237,11.52829777430916,9.459546478553438,8.790981200631908,35.899787897510436
9.196890323361792,8.649528638761831,8.784249072232043,11.264580364416549,23.25074910052781
10.678049034756613,9.729990184813934,10.256391085602717,8.486898449740485,63.00249909143295
9.340956100162431,9.386559004517675,11.009530414726772,10.91627487657779,55.2773524353464
11.16364802358886,9.22096810354171,10.122710794828315,9.498312201134311,59.59700347219966
11.87193341534811,8.574697645211597,9.821130625675327,9.930402102749925,28.351640873415466
9.73057652562703,11.27065801687087,10.557546010819253,10.156552396852868,43.10953826505543
9.86760648610138,9.026451569930991,9.951396385124594,10.247917604720449,56.92267005081065
9.692897755841834,9.920946046846474,11.475348241612705,10.988165984501347,47.06663065579416
11.424434373638439,9.445919017599131,12.343010285249346,8.949234538282282,35.972186316181414
10.143277117583748,11.082972002652678,10.2250282391896,9.665491113385901,47.60023113240989
10.287493661020072,8.587244252172335,12.170817357234707,9.39928627116013,61.26571588284082
8.795068499925348,11.09020789295186,10.118424109314926,10.39868868959081,41.60054714668469
9.247019032483912,10.449279058873387,9.225939080222572,10.351243271577992,33.99015154456919
10.058957529924086,10.189610267443369,9.281582119735956,9.231289791966818,47.713731695978026
9.056604131501345,10.636788592711909,9.63823497576477,10.569051233057323,44.12788517281392
10.49194945304241,9.756677593684037,10.359221887142123,10.103866037240227,37.18215764095132
9.733019392203202,9.262375676693038,10.631939617540086,8.750566977546857,55.92855124101793
10.749054386247925,10.734975021172756,9.641316282737852,10.220492048540907,28.8405313889242
9.515595409370171,10.38999407553218,10.430332522294787,10.524057059078476,39.791917249152704
11.429099566036523,11.431516601407528,9.74090310111405,9.546797742073263,59.84380546554968
8.372387287101917,10.102891710433294,8.362043525598564,9.357713549885275,15.966824097045588
11.311249852772798,10.296760762136746,9.1771514184784575,10.443907366947746,56.9877164709487
9.383814203077586,8.887096563867349,10.067857409126903,9.45951421459579,37.95959094626207
8.514915613674248,9.818779074430095,10.559395189348354,8.965097435773451,34.871789684427775
11.118742782180018,10.899761381737559,9.465455264738406,10.975271332182782,40.16687233527842
9.35665906748405,10.021762100457044,10.670438482478275,9.808048115801979,35.46052847900562
10.000335333837572,10.005858280570052,10.478445810570747,9.587937443206721,29.078888878568947
10.170303289892537,10.980533738411717,10.752417096235114,10.071435349654791,44.85410956155321
11.95822447858447,10.813699872984996,10.829822864613883,10.129668077461766,52.262035467680896
10.494897835207851,8.73376858490398,10.68128714601474,10.23454269161733,9.584766428071767
10.86526220938755,9.941246010545298,9.868612237330623,9.74109304969728,49.16844311421903
8.667188629061371,10.807490326017598,11.439573756594394,9.062832035622419,32.34478859315285
8.377307806489814,9.397042138914783,10.1148175512298,9.605571685480022,21.90274604330144
9.103895983355303,9.919668912327355,10.194204513587446,9.567795719314423,39.03153144300849
10.825033796180573,10.221374418367454,8.807966270640703,9.499003302489701,56.042073531127706
10.201543861163822,10.470531163429001,9.595787513898266,10.446162450800022,43.15749078182842
8.31464824051136,11.09566451137117,10.148433616064265,11.006227355928328,29.689247202816045
10.765340118899044,9.894874608180796,10.59476726998709,10.279230444511349,51.589735006872615
9.564670889026917,10.479521375834238,10.083176686995126,9.906997016282476,19.85696692049171
9.934508173269299,9.48347399133256,7.240600949039259,10.480038432723413,28.499640697805063
9.217187261163925,10.52825799342243,11.186606634467877,11.801313453848055,31.39200532619163
8.673862491554317,10.208810055471588,11.279793062891988,10.729059199339007,56.462287975215204
11.235783703328568,8.821042577177108,7.533408069327028,10.99340004117999,38.16540205794414
9.829687141986906,10.240140355096868,8.824497662297096,9.671394610798648,28.755780050067415
8.508638699574337,9.79721669935872,10.143800668237192,10.541354613328739,27.748352179055548
8.779663139074463,9.726551029270707,12.238828798441023,10.772579343136247,53.42807459554422
11.407661595629706,10.95516516412892,9.093237398353448,9.817738760831494,22.584596591214755
10.490518269345587,11.750649681677055,9.68409219632025,7.976599389865692,58.02631088117999
9.298799039498807,10.884242017597462,10.549692765906691,10.529976758541236,28.337715409988498
9.206447512958379,9.669682249627007,9.057388086454718,10.231007586922166,35.35833506331733
11.833456802592815,10.075171019556524,10.149331920737623,9.77253109308243,59.39808883712942
9.915500526628339,9.3699069987677035,10.943284789675483,9.10316531246218,57.39721607874271
10.555286854600181,10.086363330170865,10.31916567920726,9.538214569632798,42.09423551405763
9.956675402483306,10.893658359139202,9.571327576663126,11.050942531422784,39.09279865657075
11.538536744759899,10.865823577916046,8.642150670744224,8.037868132244672,33.43415432772119
10.654895146754779,11.198573327117906,11.155926308768148,10.415067354699962,24.3595706615295
10.862288765484552,9.697665163869074,11.958795973723506,10.067728167120208,67.43598892657636
11.089438004487238,7.773466153518927,9.536388573272568,10.623272358106142,50.39315771820216
11.905601385318075,10.339247238206045,9.63667262446349,9.7834084164462,55.77010137748018
10.869919258216452,11.390544092239544,10.839153182082747,10.358478018955388,43.12036706391014
11.69636990859618,8.95911230450523,11.801745070378098,9.812824171618841,51.08756538590384
10.005844178294758,9.355311091033435,9.129705325491383,9.212908035768855,52.07173167474244
8.77423560198613,9.273438823261246,9.284442608888416,9.799202540767999,33.176345081232476
10.041751585167958,10.15300004617445,9.814661737996795,9.196776929941894,44.23893273942993
10.280517701317013,12.069170058993667,9.856562788956591,11.095013622603151,38.15474842814528
9.955499655980166,10.287773151714994,11.153567961305232,11.153746974490211,59.71799485611125
10.654367522900104,10.858119853639712,11.260202469749405,8.453103274864548,31.79136845572502
9.77904655690963,9.420035635352612,9.250700242662374,8.709016711313193,23.58070072121667
9.89333324048149,10.705732480895776,10.127984142605444,11.02071857402828,45.45083209070904
9.578964976834055,10.167304989853191,10.557885176220013,9.311229841737418,30.908487217281966
9.468741542079398,9.684432571706147,10.111878660017888,11.13409044216759,25.4287209303689
7.932015514624066,11.714363687941935,9.459291759387934,9.121165401002658,29.20338247195543
9.476152608307325,9.12786540723134,10.670694683705738,9.806477401090369,39.071521542168874
11.641216119566458,8.7120287224171,11.196316345783496,9.943932452353394,75.73498405659736
10.321082924639484,7.141738771318904,11.084763567930443,9.046057641353098,46.65279628312764
10.577075743256845,9.594895245730562,10.474412230887511,9.178759728442794,36.48484430109912
10.705816009598424,10.388426241162675,11.105999598636032,8.534523383018673,28.973576200840025
9.34874450253518,11.357030717834764,9.806649783024483,11.207997835842992,52.06282764107079
8.107000165431334,10.8348878611074,9.17511370814153,9.726875711360162,12.27421434907967
9.810962759458187,12.926075953373346,10.570044188016382,8.739124021647852,25.825591493778294
9.741320803300535,9.367580508027306,9.815923205403282,11.963969822770155,40.851729415667364
9.842208624995463,10.037614945836907,9.371840744202508,10.05250586168664,37.821124635803564
9.929756866105784,10.362441913014944,12.392918464450199,8.961237482742419,52.75760141260575
9.41061171904082,8.964736686063171,11.502618373435029,9.841909981934059,54.74178258419933
10.006876075419859,9.241445735129453,9.07708768128415,10.219285645122088,26.978999822826907
9.523215326798198,9.760955973953498,10.751487774380285,10.922706457158615,38.26463865302961
10.319277313573268,10.622513335648017,10.45395684849587,9.697324492235081,48.25792754830841
10.990535939908902,10.105800579323624,11.313438209717262,11.380380462280428,63.171818819608475
11.56867477116785,9.474241531585776,10.970093156241074,8.705253596477977,37.35637320804254
9.236808264699576,9.568079530639963,10.85493338217728,11.021741715435732,52.222475667284385
9.55416104689531,11.33561822755297,11.098528913629268,10.927980854454418,42.35979544971555
9.943814681835576,10.897371987024014,11.818093145012305,9.57695286843882,41.65068346724085
10.597064979214752,10.915544285468082,10.94062525493211,10.434104016159466,30.62523417096253
9.23589262480459,10.26348035931844,8.572633173465292,9.75297909275556,45.536790930648884
9.33805900433594,8.516053402659669,9.353244830061696,12.266170028228231,49.427294907294794
8.412072201385438,9.376647085788962,11.722018874235017,8.953493306746315,24.915205257322114
9.82863844839311,9.859638833140473,9.834570236733164,10.091903916332909,35.138845720085726
10.477832413591775,9.931275333185178,11.923133956425213,10.724215293594073,62.885516487910124
11.818092965615998,9.622222832273144,10.292563976605178,12.801894276485578,43.60507152685772
9.335709681701779,10.54294707046878,9.611737778582981,9.214671536147398,23.786977079590805
11.203263509334674,12.026846127240528,9.67789839637841,10.853919852240383,34.66712252676007
10.523363927165676,10.605415025355255,9.40596260143395,11.349257598245194,33.06327678112854
11.848163918623852,10.141328427844336,10.10003572675904,10.0300689417068,53.072675375582804
10.3238744305618,11.220134801936988,8.217887023385638,9.729742423784707,34.41968935015495
10.524753905166689,10.00683762494775,8.08622302244641,9.6271855512293,37.14203818048332
11.137228780366167,9.698937514839681,9.149250200413153,9.784436626864247,53.639794889930386
11.34874115069994,9.854119675009116,9.279593816756229,7.940866189978388,50.214884377604776
9.127398837402357,10.609688107935701,9.48098568611067,10.848081253742022,41.66708108092997
11.35631407117234,7.377071956258656,10.424703443698538,8.717020469463547,58.01789039416019
9.147958099833257,10.369195139898261,10.04116575163092,8.947135430913574,50.88424128216805
10.661849552739861,11.042754002341717,8.884759397175028,10.109819957625701,43.271443039461374
10.269703369381443,8.459991041777135,10.026386007687089,10.634025203802919,28.15166060660201
8.259018375414488,10.299523819594208,10.072482407752265,9.135435221853156,26.62680577597364
9.20391230005424,12.208863773446986,11.764031773177939,10.045645540578578,36.66415448980242
11.730161380106995,9.097834429468426,8.266417934502192,10.416095764500318,45.868596664595444
9.449163836934277,11.02574863461281,8.699106721540556,10.438976170804258,45.75615948620364
10.711575827432663,10.024074886186067,12.018752606757472,10.494284467064352,50.88221133201422
9.143253325149507,11.07810383572706,10.612453328280385,10.20551637351319,46.62192627892456
11.13366875323245,10.503496391149147,8.934307024059862,9.19892039785317,66.64274731106146
10.001157355141379,11.245894394858654,9.564621430007708,10.29929323346248,34.924247740461034
9.890435910990117,8.321532693659872,10.638329338710252,9.577759599311412,40.5504666227847
10.038882967425607,10.039020839201116,10.000159977740157,12.498973056534457,44.12746302742821
10.489385868339705,11.563227679634615,10.744918511515031,8.909173099410697,43.65485657765157
8.887266625741564,10.539266560800966,8.334316459450712,11.245898598444825,49.81029401270587
10.99874336772254,10.011241225647863,10.7065588153166,8.386584466916629,34.85214150521844
9.35633008219705,10.838319788392988,11.106605261298776,10.370299494082431,57.04427899892913
10.550097083150918,11.881635755044602,10.193256866322518,9.357938719236461,19.523260733900635
9.684217187627107,9.740717156717212,10.990480901004537,10.63175400238469,44.40833435495069
9.216562920148924,8.637338414297338,10.259352376091497,10.610100111790715,30.77226431823994
10.372750186538449,7.94807714097373,10.252394139927475,9.497933026771213,33.29893389970035
9.104290138644183,9.539552541283848,11.437192588393467,10.613593885985559,41.14556238178713
9.005086586836192,9.431910269602778,9.983411963814085,10.048583472062486,23.909814112788865
11.120187445467554,10.348026922723413,9.783957912329633,10.4585716867843,55.36083187170233
9.684406954822885,10.18946185028873,10.479118487725874,9.306771240263448,29.86196568532012
9.550923208571476,9.924227962439446,10.071154014346828,10.289105946758408,39.12254543482124
10.040161853431428,10.973091715728126,10.370523538627154,10.83030100744645,29.723950055958113
10.704406906884406,10.04889824626631,11.162714274928225,10.33918037697659,42.302755563461545
10.581102288050563,9.856540559548872,8.474912817488917,9.559194115970458,36.92849664087323
11.196358882814362,9.69194656590346,7.947807705763027,9.53371767001618,35.78368498075977
10.434503581969325,10.398740246576727,10.135571332630263,10.622600757173515,35.34647914995932
10.113256601145979,8.888722700625298,10.601813623876096,9.969946333039418,52.59093689611919
9.846391040115556,10.031133617317888,8.871802287056918,8.758776794002781,43.469484577717445
9.303292664970165,12.060118804871166,9.27097680805886,8.890015822901024,25.69320956977759
9.200820951400022,8.344844790971301,8.060205199650435,10.641579434737258,25.31017839264434
10.59707848543756,9.915815886455931,9.47875401097507,9.453258522001672,42.0156140463223
10.563005803936607,9.260251496514773,11.614744144790809,9.446177554265292,53.8729352995749
10.529308490337234,11.241991951186272,11.862217346266359,10.502305584745832,33.647279974206356
10.842493541766947,10.257381502426105,8.767963760661315,10.810995497641008,43.41042315884439
9.965475863041448,9.366660946044833,8.434377476149479,8.71482249006146,37.084279560185905
10.771692381746886,9.360567409080556,9.627723095770323,9.358707437356776,52.76039321708081
8.834279544965959,9.938502606198513,10.235261614630556,8.61177871851959,44.133499641915606
8.974595699124432,9.83488942484867,10.067797575184157,8.482434304731015,39.59494188583966
10.168821526192666,9.171206903593943,11.100276949895422,10.244403132239226,34.17867696226046
9.719966754292317,11.04504276788069,9.828852983517592,8.904551816403135,18.34311264697608
11.98691559123459,8.723289858931649,9.906202029918772,10.069025821315229,31.007408422427975
10.479082063632655,11.860935945336669,11.06600560868732,11.715741246010257,25.958972664968986
9.28243858474502,10.996710268053283,10.050715604522189,10.945809782403746,26.567775695557465
9.840949480255574,9.800956064197797,12.654903651190441,9.499039463607803,20.847098108758864
10.015987981143539,10.052247950686748,8.72234007896543,8.707458541319504,46.34954436481871
10.361317111895183,9.572989656828685,10.319205490896884,9.986748301128777,21.44381515978752
11.45847780433865,10.49866205905359,9.828917442044414,10.334229837142013,40.175161642599065
9.269551778539999,11.007712377526207,10.433680081465608,11.599322346122092,33.00735545617619
9.802643512347528,9.69731291215327,8.709498629095277,9.64333610674069,40.49879857653964
11.670214893947326,9.102071257186141,9.901672074084514,8.478425101671393,54.430508131927525
10.090976229635881,9.190535981008018,9.544478121825684,8.868601072148358,65.27822259585412
11.731709208849333,10.948387615995324,8.684291903927889,9.970979675484484,29.10678928358759
9.001772923689433,11.226520033477998,9.45916754672431,11.75469581591529,19.836175090004147
11.294642762167769,8.649578775463894,10.814723186343455,7.639849231330581,43.29978917821667
9.051369868625253,9.25846181978165,10.494170569033137,9.884013838044805,37.22686413925304
9.636077801427174,10.494560029066964,9.157083266846001,10.54205107963857,36.42440939319029
9.197156622492816,8.790997231196215,10.773520781097137,9.623143748600661,42.44862432352981
8.533150919733565,10.823799164827658,8.559913499949035,9.206780447751783,39.873386243913984
9.9408183662623415,9.387210871245392,10.876871190407911,11.429153332979402,44.24064581070965
10.76027827995891,10.595795884138829,9.311294156724905,11.276627783106132,34.92277259584438
9.97739802379612,9.399458532747282,10.51540052141353,10.327460319562425,19.322722740230297
9.63289538698774,10.10072036162748,10.059616134568627,10.342333609147357,59.272499586836304
9.907419570702976,11.731766725425453,10.126500845532666,10.486461407497439,48.82745018857388
9.732760197750864,8.786272429683843,9.613427284074339,10.633141569512928,41.47935505824113
9.309621535009475,9.715720260975893,9.633968274883731,10.568863055899534,29.457227195840066
9.790255513343611,12.478185933222397,9.583448199698333,9.531175017911815,23.402094390775765
9.07189243280757,10.494101370066039,11.159870270840875,7.641571583410348,30.68926296522625
10.31909603156392,9.08072984835901,10.855301789599151,11.318255256075787,44.85065602121963
11.394660205008131,11.490087182128818,8.985882631909531,9.591153082675582,41.378122858899175
9.14017079249796,8.966868680606428,11.018226578691877,10.715743778283574,49.07430310502497
10.867924059086397,10.570137849507935,9.724960319857825,9.160292398358244,29.721988437576904
10.202548504860877,7.409138908282474,9.368405806300942,7.4729035781746624,43.42314091166728
8.764844838472614,9.6708743857329,10.191198098896434,10.823278997047941,39.49656617714846
10.775073767641175,9.51880319817141,10.619909707403412,9.462832284234775,53.611926508649795
10.754054888509753,8.121835006645641,9.067526238649029,7.871356631783301,35.781487302133435
8.936555104347505,12.581563437075872,10.023797616372528,10.112184807663695,29.48210628330392
10.238318158709857,9.917707280772836,10.542792418060825,9.902072935097053,22.449638365943088
11.47561798907748,9.387136981522596,10.645692715486097,9.55343745677666,56.09993981683979
11.462808948713585,10.097023848218154,8.93121090780836,11.143314142547101,54.28887945291382
9.90832362609322,11.598767102738519,11.207687065700227,9.147007961630134,48.45512344448114
10.524019834671341,10.133798477609817,10.994844771569282,9.705952041079753,39.88656127198786
8.354120554672283,9.395276915538105,11.173145024319599,11.071766813619586,45.22536403767231
9.868643247545513,10.584311784928337,9.807130589244297,11.584679878438356,21.484001879819726
9.351836732516515,12.092711536522017,9.059421130577423,8.608407187864543,46.449601162328285
9.082148954017232,11.04558813117474,8.493965470453881,11.274829846505664,42.146759269856915
8.444594788392793,9.492949330121178,9.161219199241627,8.463649435765525,31.183250202057742
9.79887431928829,10.25535542125409,11.2211754989793,9.625259913879317,46.03957836208993
9.528063935351996,9.387363413783952,10.702000728529377,7.6320117030833945,35.03041369843919
10.824582977635183,11.177098084033386,9.787397738931789,10.958471595977386,40.635290452089144
9.651302586788042,11.935770238630576,9.092252669780699,9.747046629682043,27.257809054314365
10.053615512570014,11.23069303064982,9.729391889241162,7.564964113670675,38.44380019434078
9.117820550544877,10.71743835072618,11.642718251932953,8.461978079147475,59.05532425956541
10.341978525361172,7.427928163718775,9.283570953054285,10.868859422223329,54.67027353251115
9.88095532487252,10.258648538928,9.219781451960202,11.921513594984198,30.67622194256403
8.648803832759203,10.485213500255565,11.70645548912912,10.864380083199611,42.49063157323788
9.69852411082377,8.359744399345923,9.642250552398776,10.774250388549216,29.122163569167647
9.234668129020786,11.161206975979994,9.678461266406849,9.460551836265838,48.86187956767656
8.248492619255078,11.22074361851082,10.08476095650476,7.9745003945169195,43.52068241817342
9.119018216921397,11.01248420467396,9.034958914252721,9.040734445545286,30.04414070915179
10.086957697345225,9.945441238970915,9.853653555608421,9.258346986173489,41.94473478471246
10.802442945792063,9.552101324300125,10.020530813523255,10.035337779677063,43.50374742146215
10.115847099293328,9.789702274961858,10.595823520365823,10.97139122789201,51.331671510204686
10.099279146392211,8.794624826824403,9.247578917973897,10.378816227970264,52.118438480836616
9.727664406640407,10.445022239549251,10.049668731813046,13.16775665308182,20.047598943915933
9.785630202472703,9.931221072247654,11.442773216507472,9.2830594345794335,28.6114040222404
9.631658908727108,10.12614265518157,9.681048187276476,8.84141384017355,38.381437685753895
10.153154756591608,9.887224094759437,9.772615338213916,10.771376632036421,31.849773708317567
11.722008398604066,9.677038515623817,9.5553403759895,10.731607411572,45.40052895270103
9.40392003427698,10.563788684479723,9.752552926149132,10.383133504972829,44.41379536106521
10.504342574805158,9.687529681723781,10.359335177667743,10.913691129083611,51.10394282502534
10.725741674670372,10.032879143656462,9.435181519808031,9.140506254771314,38.93899691467686
9.10396516308514,9.018132095948964,10.717793318696941,10.10795130741198,47.26291670468792
11.340547778670851,10.065163650087172,11.056211323185831,9.62232329008594,43.40382161569704
9.490416592033501,8.725407282841019,10.547786416726877,9.032597443544383,47.80879025746059
10.38348164336545,9.481961362868898,9.4017345460283,10.482720072916102,28.812674526774813
8.125618577129757,10.466030316990894,11.542263721148709,10.62750443073966,44.11050648858168
9.970059419380929,8.987522336200103,9.560919769870532,10.425518548623842,45.620493095462074
8.822311241072338,10.899103017212962,10.03553753966024,8.748491337377716,39.4376660428624
10.322127411453623,10.02662712698117,10.876086893968601,7.592298908478368,53.407721632638726
10.229551401687662,10.362332155840233,9.34738776919032,9.72210784422974,37.19367333052994
9.396744734451579,9.241656046210135,10.057673590275678,10.58640392343448,47.5515873764498
9.504666406371605,10.571426577950982,9.999832325753237,9.563156431567869,41.7231507948858
8.996498408702289,11.166271491136113,9.475674866731367,8.32707824653561,29.739663026540807
10.035472369767422,10.19799177270161,11.765521867327044,11.315653984228867,50.15490670159552
9.884355648920122,11.016219452186256,9.517080878921503,12.47960440524254,55.841913201273414
12.365226599643371,8.852667648155814,9.294807179617386,11.130809276538113,44.69525751215253
8.866573937846052,7.199907131520593,10.670718543234598,9.415886090094473,39.40293610847076
9.544874872015239,9.707019286723432,10.093348246731646,9.29353170160258,17.249224334438306
11.440227862651286,10.380459889079852,8.633774235910828,11.566843675611745,32.40852815756678
11.010602922396993,10.52546982595779,10.36678927680091,10.843322920922452,58.30140960846624
10.31150733400753,8.922458395675987,9.756177250858267,7.580671638766905,20.02080979759547
9.025875016156931,11.069043614963345,10.392253852311345,8.40270496803675,41.656230784215055
9.342367332469982,9.644037154014892,9.131941471841355,11.647644696215998,65.99718628381108
10.43388175789548,10.45816009038658,9.983452940688435,10.748627505845878,34.33417016503245
11.628890580381993,9.675574146439107,9.10051975312037,11.457229744191922,64.42256080564371
9.095210743999228,10.659018530513643,9.97602276342394,11.488269902824202,29.411241683941515
8.918675099980137,12.496135559750574,9.85428999316084,9.975068671539393,34.48603996460926
10.250562584112572,9.13713188181029,10.684951366033037,9.539401111541421,35.552923647942336
10.154474085953648,10.346781533285009,9.847864661313801,8.422412645623133,35.23971669091849
10.837012416469992,10.010644719890129,9.966994999408744,8.912076413984469,49.92868762957256
10.787843137770523,10.106386636217605,10.14829320735033,10.146797130394921,44.54796901153839
10.063113756800952,8.619679664162813,7.24538137196938,11.29372187225335,29.936644321274297
9.591867474001184,9.750939126881761,10.401927729878462,9.927317999606144,34.85427453825184
10.081555482066364,10.735787521469197,9.349875583215471,11.028057970211474,43.699533742077094
9.596586201376024,11.558584271895711,10.319083229267603,10.561669159162925,33.830824681480856
10.272266934999367,11.082017544159067,10.955394258261702,11.036666516109795,26.03245465281173
8.310779957600142,11.508110748285057,9.91620610651665,11.987731105664889,42.07501570922207
10.097634372166327,8.765645788555132,10.421653389071988,8.738785650638036,52.69580897599865
11.15939531567166,10.760512048818814,10.81938894475728,10.520082663494065,50.76452817178185
10.378940973637738,10.409858873240449,10.455469523669482,9.224828271724341,39.378348722732504
9.02046500310246,10.037709595526104,11.688820948266342,9.878163374166531,42.05175005664514
10.3153149311892,11.14153374644304,11.613302673298556,9.55008215384759,29.08943264948291
11.092668591929861,9.900082618957997,9.745162403862125,12.287646354202375,61.3339727256765
11.85484634022868,10.133578157587742,9.099639055092396,10.633923782645663,57.289961728823066
11.679190107443329,10.704257907299212,12.899486732786643,8.294746992610593,53.168188008214976
7.4264493843859185,10.173077683654256,10.586913080430868,9.137310930201085,34.09972295653734
8.582551719129162,11.803025413646145,9.38019729414901,10.291227351927633,40.16194028560407
8.477122927282107,10.220585942587377,9.442406804447488,10.47491395992777,33.55433133950342
11.471367707239958,9.84761992917244,11.991695788067911,9.830008221183583,55.30872767985332
10.189639358949035,10.519934481914165,11.412279869982228,9.628056790271756,28.522681803482165
9.695797133009489,9.719999817036225,10.716052814595798,10.035017026438673,42.65002019765138
9.868052170167887,9.202268721635019,8.365866180753777,8.811690202915964,34.71312364447128
9.052783168273725,10.576108768716013,10.70292423390298,10.830264493383995,27.783158707894795
11.396232834414192,11.319726170542829,10.014355127775385,9.611245032290947,35.88412043148258
8.622577914045143,9.714933304727555,10.070680841074827,11.441289229305847,29.983585385222295
11.60830177364083,10.671421796261999,8.062651290752552,9.28709314958926,39.41279165270377
9.47103012074966,12.047431087487716,8.870854575265357,8.437537115627636,30.036515200565503
9.209945073572257,10.415572945909364,10.206306265905305,10.18900366515414,32.74516099830072
11.690388889305822,10.01223416799051,11.277101467791304,8.373022674842513,49.31660097910178
8.497053171907309,10.503563281034953,10.358715860040805,8.975096703778465,28.885136270470593
10.163304862099318,10.858286440889168,8.378825754029688,9.294864779582515,44.49726452184157
10.843863260216523,11.221454369338487,9.996112326616087,8.45106413755073,29.13371052066208
10.305789458956705,10.182542171143593,10.272376271468005,10.338868814838905,50.00227913292876
9.708765622859014,9.351494227918593,9.51474715150485,9.044401950309426,32.63330330337616
9.368174746637626,12.266350283650581,12.104727091490007,9.623166764086767,56.065461491121894
8.302056596666258,10.851406437968418,9.460092069712044,9.944460040826943,45.845300734224004
7.745703067643785,11.320652717539536,9.196089496641301,11.365639261639481,44.38023844862446
10.741804198006022,10.060266297958872,9.774722506312944,9.994870211162128,19.389659193737412
10.895387304065903,10.533521298368655,9.986936653679885,10.113957078263416,36.62568024086201
9.601510476295802,10.126873974612298,10.768494764029112,9.021428783432839,55.722149889640164
9.627476361748732,10.453458224108756,10.090963168764011,10.856140599227029,35.98195791319535
8.030870536257217,8.833897386059133,9.383786981107676,11.820935068827962,48.45775765251969
9.104844905453573,9.714679004371447,8.743427293526732,10.354165967583208,25.457195940877586
11.640045996682149,8.536321792207216,9.304752018268216,10.53798226832424,35.57580268558406
8.504551607552196,10.610694849922321,10.27801107498905,9.355265202487448,45.920380047264686
9.472642018425809,10.19939677952324,11.394217881783067,10.91926810421638,38.41117182070163
8.954628030392948,8.575695628651175,8.94075105605793,11.292952096944687,49.80633813028295
9.863113532595113,11.049504809005413,10.026564718932978,10.048200759027107,65.8428434665849
13.619206157135483,11.569311788588207,11.484204778460942,10.877160875054264,47.41390916463326
9.8090304869235,9.333991006255562,9.514613684348195,10.901941533632735,20.52568308739534
10.048673997212996,9.521119270061552,9.975246612934852,9.824691827375192,37.288758099422154
10.197888070137026,9.404792845524598,8.615440104972782,10.717247767118874,26.63990412278471
11.20843259147109,9.48631111576136,10.89805044473276,8.008118790365959,51.741249708994175
9.652251223641827,11.128613864464572,11.250838284515552,12.472265475663766,35.69324550226929
8.698589036441794,10.138650046338682,9.153416548782829,8.194082475885098,26.52448930368023
10.661252125133492,9.609695923622088,10.470111831215938,9.518514035923452,37.722290453620104
9.73559648352664,9.937103211789493,9.795499859965737,10.667672107476639,24.306957730354885
10.713026478137214,10.347259853387232,9.331767692243453,12.377136608372368,32.21365138781207
10.88405531291697,10.358946089984588,10.686459304184892,12.024183483993511,57.05739921952775
10.146304077168342,9.708156592295287,11.686187470798519,9.901791512108305,43.34332832417342
10.1659239394919,10.00616404789243,9.098074932401543,10.145399947416356,37.34504502651126
9.517689618557103,9.364599131563361,9.77388361200983,9.368283037243899,29.52970825441865
8.363155343526003,8.802427005469303,11.636723662601542,10.052576180203406,45.85496400187919
9.784469892000889,8.910627556438437,9.712564785495504,8.699279367606751,48.917904458956585
10.466018588789236,9.263753318996827,10.894174460333845,9.478848624342046,62.863292343459406
9.51783500838119,9.401611847326468,10.11636214881707,11.36536012053315,22.406287218391363
8.995055105105408,11.002592207633466,10.637043871210935,10.363908439701104,30.068711372533997
10.85755363069104,8.85110942008556,10.540399148562049,8.256552455803773,41.71910721650337
10.000950991493339,9.1444198281071,9.809900530456284,11.294643257269794,44.14982486224977
12.011128671131045,9.317891065859222,9.785547666869306,10.14676945464999,41.777797878398225
8.434755610485809,11.800905239932742,9.316146606853934,8.970108665873296,39.85135248482097
9.785803124360113,9.959571071583458,10.093802394725504,10.007343257258015,42.93123003657428
8.20748831108641,9.535012656020106,9.018298618089009,10.613220844006538,67.91819305557027
8.640076049177232,10.710096894221122,9.81670670356193,8.201986907932653,39.18787622521568
11.121701353903283,9.789945105088583,9.588752744232247,8.537086112514181,34.008745205897625
9.334127229091301,8.820881428553959,8.819084656135733,11.97685804350154,40.36031338605764
8.66955324943492,10.44451525056497,9.378980401355129,11.09430311255505,24.329338729602906
8.306571758647303,10.281171319535469,9.066616768916093,8.477097357302341,35.09627048053094
9.741846245503439,10.215248963571797,9.410953330251482,8.550053241585108,23.991501450408094
9.93996685391615,11.321480800551186,9.403494844162685,7.813727365126157,33.82535868613014
9.33398438063279,11.804065720931979,9.730520936835905,9.981573343976134,30.333000661432365
10.059859705969666,11.226039968813215,10.653406018651783,9.283430032860824,36.281081304117436
10.456439277297989,11.73059661371601,9.610689968446067,9.564479891591004,20.976584733640053
10.214157538567635,10.669674371895516,11.629033338572675,10.861109206036618,44.225933566386466
10.63255908517983,9.712239458743076,10.813955805571593,9.381230735387616,53.25865488578126
8.989606991474355,10.140174033281909,10.825412234087278,9.953970994620192,43.787984244261445
9.414988989918786,8.340928863036602,8.231233612069051,9.488267192607314,39.6125971046391
10.342856479224329,9.517453469547418,11.525958938267511,11.32239550604627,50.52729847431249
10.059711844483525,9.467397439627865,10.432647326837655,10.095825948027343,57.06922347500125
10.14258883399732,10.880451386716683,8.976558518222427,9.026855984592265,35.36940724582649
10.828500962727084,9.407516586448075,10.428818444321367,9.206160671317402,53.02617623378834
9.360007298742328,9.645878396429788,7.776480982080949,8.652125881183595,31.717525581883205
10.086103577315608,9.807994763227315,9.655277738336382,10.891236531845767,30.63546573152355
9.771249235614262,7.920038435487671,11.460512493876479,10.676918784710452,42.423152854053164
9.04956521269213,12.241687300072416,10.261513431265037,9.692629766450606,31.24642398719245
11.690420294645477,9.031385367331067,10.239601818927442,10.013160721104814,46.51765472128944
10.708574861013338,11.517621531504203,9.976699384080014,10.614697450501556,44.55398081549946
10.171498258719904,10.359342704162371,10.608263757175724,9.751730833913008,52.11403582334761
10.451642937181045,9.307777548667028,8.995850432329307,8.72705730136827,67.37635179219765
10.026690548244458,10.527315768234352,9.947021898587746,10.838223539827851,32.529189164031564
8.713567563031006,11.648414496271503,11.115973047683353,10.242049508858424,40.102108509819644
10.0184257630766,10.866665579107005,9.483157298515122,9.877707473862435,39.60766938488227
8.731155280381259,8.679698263489435,9.819887115238757,9.423600643146223,66.11466796847284
9.883053949470446,11.585641075537454,10.59493007444473,9.624339533591558,30.172131502907593
10.270278319885698,8.011862112178425,10.153410544896909,9.24519263708273,53.07088195799853
10.446312000182536,10.667956580610452,13.85286757530267,11.713380108034011,39.037155207143854
9.074688863826719,8.95659923636236,10.153271007290241,8.901118307174483,55.09403094718222
8.739857820147707,10.95526049982346,10.258179051034544,9.090017503126703,34.27033597861487
11.549823570821335,10.412017845715521,8.983637590018741,10.20228590766221,41.940430653692765
10.035325721773976,9.214071467170792,9.147919539321343,10.0733034006789,41.80069882889996
10.881856982711176,10.076516590195777,10.760149761299065,9.999231323979792,49.51796045946263
9.742384578193324,10.666577257141126,9.785185687479805,11.011214322618333,28.84696319730581
9.610254616892309,8.869600810381009,10.636994702444586,9.011061767226089,16.006170109922657
8.130205404614223,10.643187457154719,11.125795030576256,7.782820898002786,27.7551766101493
9.672233342537206,9.486776556187468,9.753597979788559,11.272927898144882,47.22819920087712
9.82855065052874,9.842685691183629,9.743114204004597,10.152411910718184,48.581785303261924
8.638314965800438,7.684066413570305,9.558932188140117,9.275838340700373,40.27155188390713
8.852590011296963,9.820764081419602,9.601870816983938,10.387423170816147,34.791021187470854
10.8748069852808,9.486591066519871,9.366793840787887,10.42290680364667,54.290764340219184
9.455229376066189,8.716026736107493,10.804650774469721,7.609394839764464,32.14168351853664
9.21976584155033,10.808681070785521,10.061039043093938,9.441736531239556,22.776050675749136
9.35294186167426,9.433241201573198,9.980398579860585,10.276280559517646,36.07674683085721
9.30251354369523,9.917274923877454,10.733553570256605,11.230034419357938,40.46882590695685
8.493124388685828,8.933523086640466,8.538406179034522,10.603735995560607,42.815993177162326
9.093505042219604,9.766682047657016,9.634094767050867,9.424439993342828,49.35275339635999
11.120138153513128,10.522234243213441,10.084756792508292,8.642372141236715,49.61175683153177
10.059686851417553,10.860468615374007,10.785682353690426,10.464370321876359,41.25780197246057
9.263041364613516,10.82067664721294,9.215275796196558,10.713216622702944,21.23414182746231
10.154400325017292,10.986175032731273,10.26886281155649,11.036300912060469,22.523373036305536
8.617972687348889,10.308666177303943,10.311262931490795,10.782936906896104,39.78218566674002
11.336024080426059,8.32557201157349,9.164615066042023,9.12469168618797,56.34633449911766
8.083684014553747,10.039848334458542,9.51320542840659,9.933564806446524,33.80338017312842
10.150661586569072,11.479947230555569,9.652637363630033,8.964558705464903,42.322951163627195
8.155771788906746,9.721882818655388,9.039737168347122,8.822412262361773,20.754665322718367
10.7051658367972,11.561508306923816,10.692925752661328,9.877785617301114,41.58033341423908
10.004533326977226,10.437695864330113,9.215964896453674,8.363587423196948,39.459629719885235
10.762297953118681,10.301288467312121,11.4150928481861,8.84033537995719,53.907204940387615
11.91957125231599,11.315728462749101,11.375787321687524,10.963648115481222,62.847716151671925
11.575570692099976,8.851217725737692,10.709043979445287,11.650885861526639,55.06929879252345
11.153103999554007,10.041804451197807,10.721179784689422,10.774327312127893,41.279038334964
10.010904467655275,9.912022299085622,9.638198845306166,10.830491975962527,46.317403835428756
11.124531843041105,10.14905775438839,10.874846586015364,8.479550255163387,39.60249024507288
11.201277946714434,9.70387168313047,9.715792926833798,11.386458268565853,53.79036167873982
9.36802459749924,11.212633647905093,10.879952177782691,10.084360113847282,45.71640333719742
11.570384958831607,9.841143879650758,10.033341580881714,8.313841782540397,65.49734759177147
10.740244126691179,10.652653203087937,8.547041249120575,12.118116580051208,15.868007039148633
9.924655349169557,11.260769825744852,13.491831798248027,10.504873142130222,55.60473166848287
9.201615421714115,8.88552226504438,9.959869278597166,9.896865488757541,28.52329972384208
9.261285070544762,7.791925111593304,9.587294349310069,8.959703351155067,37.957031313595806
9.181120230183623,8.877534306222433,9.426159600637561,9.79911090527879,47.809357397108194
11.13472239273818,9.576398485208246,10.877526386064114,11.010723474898896,35.35967195524682
9.739055488047457,10.338349474559564,11.910852486766483,10.615930329901893,49.54831400306122
9.399313624134283,8.035895916211295,8.578508357044322,10.808841056298567,40.66623176599109
9.531688666590185,10.706128207178175,10.484135796466981,9.778485649588248,41.56125315662252
9.982969169942356,11.604289733764213,11.138132796004369,8.27985751630456,39.193471544410876
11.182109533246503,8.443385618847197,10.413667774747877,6.822227005518154,30.62036428357419
11.093171725039824,8.398661654938262,9.370159116466633,8.595239276422213,53.750469658678206
8.577225123014399,9.893774958732681,11.357364282544133,9.523693549401084,49.28268908885483
10.258880083626329,11.21717210362678,9.130805660921496,10.649740189116716,42.42742374796947
11.654902335024023,11.015394789675247,10.415061433367189,9.945637597783039,61.130759867108374
10.647527691598437,9.571785018216396,10.38636509016198,8.744232754978986,40.570852177008476
9.570517098077755,9.719564678865858,9.064510905568659,9.35196987451567,47.24851151174168
9.191491165440604,9.443827840553716,10.303800454693405,9.51923140466992,45.05613427260509
9.52893132901089,9.369004972416354,9.823561776897662,8.86535244903216,23.468152279243917
10.58543107271613,11.218668824361087,10.244915857964465,9.805348627257297,64.74643930912424
11.042894982819748,10.4012248630076,9.567871428013012,10.913849211415107,47.09588913078474
10.769884717737183,9.979189052708392,10.574239413193526,10.635467654066991,37.29506859862906
9.326682672699745,9.940116764635286,9.370423043642171,9.318893234773613,51.22326114469263
8.349329014047328,10.883370610006228,10.28567539048017,10.4975446919327,30.422963957468305
9.487970839334405,10.779013062069192,11.152798123650909,10.30029917792023,38.37036093516817
8.956091268423968,10.536803076147532,10.640872807833269,11.823829520033216,27.74962348374726
9.566283543256587,10.773666992930917,9.637793067385324,8.617739589604833,20.827733148607393
9.7406683277081,8.81697537928875,10.840327888171092,9.389911002017767,52.19305156648451
9.567619870082769,12.074042573426421,10.16432241776066,10.14760987732728,22.776284714843086
10.705115818072917,8.167504955587209,9.950254669977832,9.0348363069985,50.15116076895742
10.383371031138907,8.693714158322742,10.084127692069645,11.029951902421148,37.0995833209527
12.090637031028958,11.215443382023498,8.670654096577106,9.989093659114685,46.55726738949805
12.325171397196938,10.900303383947998,10.36964889541767,8.851571953743834,50.79254044876451
12.970218448579711,9.737123276321308,10.955366677110945,10.186737873595947,52.14823716585913
11.900234449100182,9.009137439620046,11.206755909105663,10.99559172680715,39.4401041126041
10.28063710634165,9.864699049646878,10.801147498682163,9.120436209216916,63.36323390848979
8.272103373087713,9.365890290516473,10.429942491017057,9.783683006419254,39.40154763006715
9.62229176279564,9.128202187149041,9.80037546468338,9.973158201070929,48.215947091316835
9.348329886104327,11.537257274189905,11.159916952833566,11.295343426944223,38.7413912748817
9.979439459614166,9.35874679607323,10.275391205254577,9.727399191595325,39.45192263584187
8.321632149188325,9.961501190840844,9.220925017619052,9.144721797876247,43.2555363309865
9.344138801738815,9.353446218405086,11.007844174081436,8.944659917812077,26.10084271250433
11.240118444498272,10.59431490122326,10.038155245097796,10.435877956862967,45.54299098335602
10.948392149534547,9.445553849604561,9.846338433570361,8.806634318554384,32.9155256036439
9.298622129350957,11.013033863482228,9.188004977008859,10.452460190901988,45.645243183761536
12.36172640840702,11.876142946283199,11.242224328037922,8.926170811507642,52.11392476519675
11.444183875200459,9.631007355622957,9.758786955052482,9.856138087441888,46.5613023712362
10.020943454008373,10.448290860520979,9.237695388672668,9.612116572352514,39.86190891036744
9.729300651036532,9.689503760631885,9.530869592491738,11.053929186383591,66.31740306629769
10.304544937423065,10.989077020466542,9.316829008426105,9.741635349881092,52.82801861356483
9.785096855911672,8.722818083847692,10.472395266929645,8.99821467248528,54.67756750834074
11.247598783053553,8.988541916668604,10.005702063264636,9.757108947386977,28.750380475962046
10.858307060166156,10.126900142627404,8.549586445969293,11.224507740335227,46.425787296417155
10.64694054405418,8.814464149215159,10.467588681545845,12.196230789332514,40.321426977910896
9.484580782055264,9.434911795951164,9.783762419041075,10.888102308184516,37.46385060488618
9.76437016194084,11.060599001877076,10.579866778450189,9.639623410037556,29.892239483951496
11.397859252056696,9.232249576980466,9.425359761740534,11.235348679144932,43.235966634323546
9.4795565522409575,9.613818979763417,10.229697746142584,8.149362395382779,40.72932438088
10.825459123337303,9.787759351176938,9.555365517363082,9.479788638485534,52.72953447843325
11.765559813919058,10.700375507509438,9.337342287837371,11.512003413565068,47.5916263055903
8.15612987683329,9.260107705130906,10.742241125020378,11.293114163266708,56.839834185856986
10.643994995624752,9.123984202991322,9.651412285973048,10.46934379965039,29.469014657164838
11.104658968750039,9.216650389725437,10.119653841198328,8.745959781507452,60.083301698715964
9.732087160159052,9.167790466764101,10.752524242253008,8.982242584471292,37.385464511148314
10.59624124663105,8.943265264643076,9.34456131481974,10.468907450356047,33.889778453724944
10.391622186256162,9.742000288997499,9.792932680257428,9.122497960593332,42.41014983971846
11.157514464547264,8.628343749165223,9.857640205549444,10.877114391686215,35.319435257857386
9.378222105212316,9.144143234595258,9.522886658584568,11.033645579564135,47.42648191260169
11.186259915120722,10.176622528949263,10.790119866896292,10.883807274356252,56.78010158709716
11.368934214907387,9.477497997196433,11.048364249831861,9.193077899245095,38.96504680273013
11.78923183254558,11.15616058349715,10.191918259143975,9.265420148207102,39.11176964184286
8.526008855399002,10.1260914273752,11.17370336520414,9.336358191956636,32.332904918201436
8.866455078953626,9.229571057993661,9.285406328297173,9.486410975992072,56.84300170267217
11.724881367217353,9.098991089406212,10.42428373059501,11.461464852392517,50.05467487927809
10.348631755999596,9.833950177707962,10.156539128672996,9.901561605654079,45.970310444356
8.055564536344363,10.92533516954886,9.967364422205058,9.939323773536882,26.91286170573973
11.226081772665761,9.151782530971529,9.33256958491198,9.369562805884344,26.0511318826426
9.266422288590533,9.128707978878271,10.470266320237698,11.117178331576836,38.7282821602203
7.88509042614132,9.75917023475381,10.087769038914342,10.069789484499479,18.112416772925613
8.911287839710383,9.53448804068386,10.024264972746934,10.082760467970761,39.25449064038478
10.076867928393193,8.300407025212955,9.669667109381628,8.218595759283229,31.74241182936688
9.943715362078963,8.709633883015652,8.237428766081655,9.704415255542107,28.797788836754844
10.05090944227305,10.596111742658563,12.390861944008106,11.565574939953375,80.22172344200735
9.80744456365345,9.380068265814474,11.39080748689316,11.112192170108202,37.756165173755086
8.957564408282625,9.13146432877737,11.077236961313222,10.631479535265147,64.05508029708811
10.162501288184583,10.672776264218902,10.89318792916872,10.4464400219185,26.23100716770032
11.247623824868247,8.662271366628454,10.133074238545115,10.610164559255923,41.717792992696076
10.8229738376508,9.414658564592958,10.667936285996769,8.876467749386885,53.260342217549166
9.334558878556164,8.974027803651136,11.749749615338034,8.574386224926466,44.67038824246938
10.197471408054938,9.972853705942807,8.778122953503143,10.184649230317312,54.95478598354508
8.892311019354555,10.395237601228882,11.245408981825005,9.479080742811103,42.75311103788735
8.803842488244927,10.081620253361976,9.053293372030119,10.03485479352023,28.386144245334535
10.214568637388231,9.498227716061173,9.192853918955477,10.765081569265567,46.40057427594431
9.05865507715821,10.134317124945753,9.629555030662441,9.126708580929744,37.87019828206496
9.970075420230968,9.2186741288867,11.091481580902407,10.2912604321497,44.641222214690806
9.013592340344449,10.824653815638415,11.276735485862234,11.025268333249558,54.65613509564923
10.626200174141538,10.535541897168907,10.155904681508813,10.719753277940473,53.75259826000771
10.023785776513366,9.322327552207192,10.136113057010627,9.7898778339903,53.43239402852531
8.788598024772728,10.040717418097387,10.58253624806279,10.714754333024814,25.13716908803857
12.47349543670219,11.333949668824578,10.121499662892296,10.308992109631284,67.77216878085359
9.540214849061513,7.999204237686508,9.855842425477988,11.224761264548151,36.3971571620128
8.830885094016033,11.344171897733892,9.685239939534597,10.201268192567833,31.296138999576556
8.56614899818185,10.24390083112136,10.335617472969961,7.994256922397605,40.938056585375016
10.400161742677062,10.208658064450463,10.60749347537194,10.114329366151459,48.737088293122355
11.065192813870885,10.4471592431708,8.446014164218557,9.230377989229073,31.651533876959572
11.71091704164182,10.162802988005817,9.56843262956716,7.281138618300297,51.33224881201041
11.021315806150938,9.816624331386253,9.681532673664156,9.56506201254329,43.9834466973706
11.89479873593206,11.28221748404567,10.42950765673775,9.919818958510994,54.56262579807215
9.620664677097771,8.441674794566127,10.063682774098027,12.081057661914144,45.44539971966682
10.673372392848506,9.653384925719015,8.274405088306173,9.44528999199085,26.480285222875978
9.315627526455257,9.627678792537996,8.662540247175077,10.445785540412148,12.718594491698425
10.404419397623528,10.436844520608746,10.113909966533093,10.090637976993754,35.404671480538866
8.923671973027865,9.54950137518541,10.013007766106153,9.158852486450156,51.53008734672445
11.854982753532589,9.381620352922349,11.390845371852098,10.97776222565312,38.51929856060461
10.424189357043966,10.064346682085034,10.130350261146239,11.256323142517255,50.16025000771701
9.017549948725655,10.051024771215209,8.961232075300483,11.521067510600876,33.208270676260874
10.401604305115773,10.582762425084372,9.571350939988319,10.7164264850326,49.06172058665284
9.926534247066776,8.948685856689647,9.67970270573659,8.704952719992793,36.70500156134746
11.472682008613315,9.559315805394814,9.021097571120341,9.461412031103375,46.10298793206746
8.815261182439889,11.171996421064225,10.70040973494008,10.09635414893237,33.54653119896977
9.56165121413774,9.241567868634581,8.251321648851677,8.780668233752387,38.81048920375158
11.911423292074014,9.1009957764393,9.536685833287068,11.79312689568272,47.1735897404753
10.638971262469266,10.057797648991016,11.28083121631195,8.97852755955724,47.05744073786042
10.4741734505723,8.8854347178510409,10.402663687566529,10.60359955580006,42.436629845487666
10.214232283204078,8.755461116396798,8.630006664983773,11.055870677165203,17.96674458617016
10.848175715584278,8.037889388006198,8.938422187487635,10.321437114456705,51.77582091205733
11.415231813873014,7.597171893630598,9.622049400992536,11.494502624132526,66.11086339079273
9.561618866105409,9.304042455173924,9.447704164101893,10.380528173694112,43.926446442343725
10.458294956522094,9.604061392046981,11.487726049281044,9.977721124343804,55.51986140332843
9.214376091411626,8.214804205211973,9.719842465034294,9.917986242334829,48.62267486235491
10.568771117634448,9.404223259134355,9.20537411580253,9.93116394895258,56.8647631789498
9.751310372543605,11.040525797698448,10.514645969278847,10.01557711735801,37.87113822267144
9.532598187716577,12.211028696907103,9.02240505752063,9.402296196953046,28.244610086579776
10.665308287805315,10.541639859757389,9.77982923486802,8.701752731723595,31.076607475649716
11.238164687157097,11.041665844611913,8.677644543715942,9.940572108661446,51.45516496653894
10.484037910178879,11.695768695442156,9.810035743187774,10.388284903559855,44.62630467931667
9.655470790908385,11.593441370638393,11.48916494069451,10.916547904724458,34.09110163474561
9.923988757185333,10.234909065080927,8.687518403263732,8.378858151549899,30.158944880123478
8.67903104868021,9.178269863650497,10.182923562991824,11.039595907282735,35.29309738636531
9.561614496676926,8.285686032327021,7.861298691219867,8.335003001211101,50.63019382952916
11.27913249192964,10.253496728253774,8.293309573014213,9.432886964007517,31.772050716311817
7.26263686914019,10.34849605965974,9.426393156390494,10.330281313209058,8.368753519366955
10.259193623025439,10.005778360277496,11.114504039683109,10.087098168679224,35.011103110970126
10.175755932814678,10.105797185742007,10.091490718750231,8.951266934650551,51.96671736820787
9.954636724864443,10.193419664845784,9.1602342312915,10.751327214534106,40.012209450643994
11.290624359889742,10.58591644155901,10.944780847987207,9.464287093579008,48.90733804241674
10.080127550231415,10.315540662482103,7.7461022707126705,10.05643082164543,56.26819133543593
10.351456720913514,9.863209836323422,10.343549376385377,9.281150556326907,40.04968590605826
8.871825860567427,9.906423930704792,12.261329602439227,10.35577729242342,37.63428728136598
11.064844403334533,10.406579657300398,9.69377712190936,8.838284777950888,42.87918447764315
9.454065992495968,10.047599769051203,8.404700797494616,8.595743459950532,36.27417304827361
12.504802854581186,8.995400564055954,11.24803268031151,8.99644051865534,63.93291678375595
11.271683363729714,10.04932477155922,10.239971701652383,9.01429596934285,56.950553163832765
10.602030562885233,10.013083207702456,10.79137797955262,10.26369206823984,42.12095813913443
9.557669693615853,9.170881809857145,9.585926639872081,10.86201493689409,54.954762743263544
10.247785801987801,10.659764795749863,9.889651531766745,10.561613459645221,41.33017918180477
10.372291985524129,10.422824936795621,8.515379176073218,9.948983957399703,48.35781268700285
10.63779550045211,11.78389338405249,8.489359907915006,9.202513959099862,52.093730677306034
8.833596055609787,10.140572438429336,7.952564333336317,10.802043872969765,26.749364965961973
10.734838014337265,9.313416434400784,7.277825983066243,11.851045928570771,47.83437719550922
9.818641413928377,11.807528895928716,8.938485003339492,9.954932084545634,31.444927782409163
9.68168910479407,11.228045518302602,9.605793495064237,9.755723016487929,43.75086054838746
11.170157562445217,10.709752783514602,10.539599127585287,10.427474103799755,48.89764449802981
9.944317530576814,12.063542886262612,8.959211705752,9.533639414932207,33.030604061029244
9.67985424033268,9.785139031358069,10.025209671432975,10.927031401223612,31.553300614815363
9.860340718207985,9.839813372596755,7.644101366547787,10.211946923588686,36.84375408726877
9.271713596231134,9.498070125722387,10.391887026344866,8.494333653738831,32.87359125409948
9.56506139737463,9.111204570588459,8.592696916902577,9.20854590870986,52.448275259632666
10.089633970962145,10.874526498519185,10.393979622476994,10.824805396575124,49.089608251011555
9.90384357773018,10.119079304253923,10.095080938010552,10.745813844893563,58.32963137104399
10.991637786153387,8.615643308806785,9.962279534503066,10.535629683934609,54.81809971263803
11.501081039042267,8.79221383463782,6.851287991614926,9.179437771892063,25.69993637924516
9.37103217859307,9.436728008011876,11.36754700944784,9.33370736951944,34.384205535990716
10.103504267621743,8.158036703579446,10.00729867363715,10.28428226647732,38.003600312702936
8.96307117258904,9.147550212153831,10.314687897496558,8.73242743017288,36.8901099181483
11.446292625740828,11.315419258470719,11.414647857015137,9.668459305365968,27.215943572518523
10.713970903717755,9.712834875682828,11.113853335878849,9.69452362576577,61.87911468334677
9.547457523545269,9.427450049872883,10.06810159226279,10.881161378104327,56.880741926949014
8.494944317685968,9.105652309206876,10.258704666237092,9.048775092911795,35.44289496860582
9.513598624659913,9.79839345163603,10.233815878721167,11.992673063658833,44.762019553984985
11.31509001362038,10.488220575542735,7.880507951496986,10.015017054776683,35.227212123133434
11.121481774971837,7.631398376517939,9.067244879785182,10.023382354679358,36.67982820742933
10.111267322899348,10.074076222670126,11.590442183030248,9.823813004479243,19.499912985356925
9.189141517539767,10.489218319887744,10.56596054739936,11.428941125245135,41.05952454262307
8.759847528073395,11.096862928332108,10.011663259307124,10.09824623665669,40.01105424471508
10.42518755026398,9.104117839532146,11.309834464024215,9.361097269289125,51.45297601874551
10.759736043170935,10.646680383315896,10.193410138024722,10.363609845805172,46.47807746988948
8.485862841320175,10.628760842081356,9.706804943101293,9.472076676728054,30.489128493461113
9.332285049619117,10.677947475187084,10.359372571691544,10.466201272144415,41.565421124671715
9.740271826146866,10.887628061236127,10.743853299281092,9.239028287902205,49.62866560135159
12.153447716911053,10.710777577545104,10.491154443381182,10.767147921139994,57.46913231068055
9.40555134029468,9.806333526787517,11.328138105402186,8.97738803534315,24.207056385330926
8.466625128087333,9.235474183191064,9.539050807087879,11.021189020277564,22.68726052580282
11.308265467520158,8.819969679093234,9.522788510800346,10.667408269869817,47.06755649825123
11.19875037807266,10.698325277623072,10.232547576680803,8.456236400486327,42.246257512312624
10.693742712811922,9.70744308211631,7.331183712963407,9.139051805166286,31.00857943185822
10.250353000975277,9.910414855502662,9.884379738306157,10.28361682036017,42.52986024431566
8.958201169596578,8.558274657673268,11.146708092851012,10.25786971466114,47.73328503582049
10.467982674933916,10.907540084660697,9.849843996604553,9.893959646513611,68.6993701746593
9.650153251440134,10.061157422445191,8.448325176424706,11.079442739017576,33.642926145872245
10.950955957053056,11.34086417041742,7.108218256548739,10.445943203612142,46.433630511461466
9.069549695525046,8.704051757279757,10.670381372894765,11.537565039002155,29.590777274509776
10.967182348378037,9.4667808834837,10.659479831506182,8.817502202622542,46.3991964797939
10.430380331431076,9.111830055060777,10.382851917887978,9.378284350855369,34.875488902429396
10.057567101536053,10.273098485249818,10.587141420639265,8.900291302905586,42.157605265797535
12.361550077243542,10.39134035456894,9.716719641993924,9.987152053372963,38.30301679236734
10.973089009604951,9.65437610542904,9.512868678082933,8.943630441893461,35.963091132813304
10.067096887705945,10.332228967817347,10.55828942848579,10.218606960011282,53.04019012932208
11.8665594741982,11.23494836329971,9.810847056135172,10.392905335087088,32.80549081158584
10.295664094466249,10.265051401789409,11.329897191784797,10.307557556884445,39.94406900981855
11.293506532517192,10.364574732919564,10.600669036616646,9.48389110334714,56.98800509983067
11.027205798491071,10.39255129956663,9.859136975149061,9.794223091868401,28.94950790299749
10.672576987154153,10.005708205601941,11.272932489087196,11.068842810355722,48.456187287559395
10.136883539047565,9.271674386837292,9.327061801991288,8.585996200418146,34.97525167479261
9.621364400677605,11.619706922472126,10.798011632798685,10.68700924577485,42.08922227560241
8.579664245622618,10.162699375953665,10.019266145239474,10.59816314974554,55.78693896316925
11.358857224774583,10.890727535312958,8.597108221795638,9.096992740307375,34.576416371723596
11.428346550418485,9.585635486812764,9.376933281100372,10.495746445667578,31.877345730516453
11.596127323734574,8.66518724811354,8.849974527348401,10.122283322945645,37.81672394194537
11.538088872820278,11.386667018459754,12.062689383178258,10.508700906517891,40.72329400670461
9.769047411547053,9.117569951517993,10.22272756279469,9.718165220467474,60.82564405824826
8.427650258782887,8.515448450559058,10.500775807668077,9.35998892316419,20.579711096118857
10.917698094906457,7.933134811958844,10.76809648695024,11.732847649772529,50.87161022494854
8.602400245622842,8.934226123154263,9.461326550569797,11.806699325529845,36.336082557498756
9.630648482274612,11.097743060644483,9.593198855894862,11.47929108343745,53.79767457911727
9.515515288411555,9.297844237978717,7.962448625514924,11.505876077824617,35.492096468061106
9.600911381045796,9.742718514053646,11.105544283930586,10.22141667526423,36.096529820840004
10.124591427034646,11.603774055972494,11.570474654426581,11.324550488783991,42.68734737035094
11.374108399191066,10.008151060111896,10.66691541505145,8.544662426368529,44.37089896609855
8.058531625658462,9.628497387809,9.622713518146783,12.442081617815045,32.889702356811355
9.631494381084632,9.720249270513525,8.816293807347552,9.521370366287798,40.17178160492404
9.647609571857656,10.088104266042054,11.621764431322088,9.457428166251772,46.316372437095524
10.866713401413636,10.99327904265396,9.482416901087284,10.37485213476576,47.61205382295111
9.627533974210712,10.811467533042476,12.28246278476767,10.419792148014803,55.14618385106283
8.653252519668499,11.21894670418858,9.241181491327087,9.584435316710064,20.17117957490369
10.574385997210484,7.919120640724996,9.891290841772534,9.197397511062649,36.589134211033404
8.39282764043007,11.30487440608641,8.821422127628889,9.009948899220962,31.585792556154928
11.048634493015625,9.647877338745307,8.554479818922866,8.049327693764107,42.71153401540309
8.853198008666388,10.785217251292707,10.80081085038863,10.324099522749858,38.416981640756816
8.923012422085733,8.12295729614091,10.954799704855716,11.967736392477045,36.986697749994434
10.117264489496279,10.552799999141204,11.414386690254128,10.953427917679516,41.515808141893835
10.58552186134942,8.436080657920805,10.21621117076909,9.604113391284521,54.28334197442324
10.499202947083669,10.616831288730799,10.95899998467057,9.279920312551003,39.03203870316355
9.571731632352186,10.593246510279814,9.654744356639481,7.9300671090623105,30.404838106853024
11.609561562535077,10.468142015412685,10.40268827451241,12.141741523356474,43.95509919218333
8.520068979729546,10.381850651784722,10.777102087301268,9.579612670963886,48.19520742435256
10.152913007786387,11.059219255400473,11.12476476747413,9.339282950704579,30.426825119673772
8.176501510921893,9.673648516706525,10.027305968724303,10.430105442701366,38.80512049275537
9.485867566049004,10.233989877101708,10.548679774661267,10.929634551341339,48.21443321607492
10.263074686952223,10.403577653747476,11.764224650622635,10.8922599931309,32.09188230957788
11.884962433721643,10.287666563612264,11.624279043973917,9.494318422694665,44.539606212802866
9.420304833455766,10.11010586913765,10.054020034117093,10.060477403405784,48.96138298721375
9.431979037139568,11.713446272492469,11.850424128143858,10.36302101925119,42.161102514060836
9.945240178382452,8.559227328122592,10.053607658292696,8.727529047128254,39.826156112896655
9.741528457570967,11.43036823988314,9.588068346913579,10.645307663018786,38.07525796067836
8.232062026569881,8.899861317485362,10.523908377275085,7.8970921017133975,32.30094713525796
7.441582465917468,8.915608896908806,10.217048476392971,9.051467793521828,41.42766909539596
10.723503029391246,9.832435596560776,10.049431210737946,9.393756957413883,58.81307795885402
8.06325297839352,11.110440154124007,12.616550041940478,12.239588138163038,49.55028180496954
9.479416531903297,11.512203508897636,10.17144802518462,11.273478444606173,46.187981761963734
10.736373038108246,11.280898145776808,9.897010584082475,10.931025897254205,49.01675414756983
9.588290391539095,10.42463801990138,9.756325574016218,11.23746333930238,41.6442196084283
10.322026811249883,11.601883958422174,8.732327219663524,9.514789086151794,36.09337466494933
7.926913148768415,10.064477548301124,9.347271176577166,10.885912997614307,24.469373897794306
10.105540340071864,9.670448073281737,9.34379950335709,10.473230709761273,57.38230545943408
9.452730787752555,11.02952230662719,8.91051139410456,10.126063104085032,24.711734396884232
10.857657043030946,10.059707748583973,8.57847518425397,10.324389848997848,24.916929283046446
9.378064090921226,9.260440689273992,11.712151587881559,11.2803443913731,32.16778805556956
10.856676433188866,10.019186608807374,9.299691466690838,8.392016382354594,45.49666845032873
9.489175990806157,10.646729981536815,9.61931441265096,7.165732638233038,26.481513430604593
6.346105352390616,9.723399959631395,10.213820368443605,9.295625950011868,28.59488620259932
9.99934786245176,11.076728211143994,8.748191203616916,11.038969662415692,37.87764961728528
10.50040678173504,10.415106954328989,9.039083965241442,9.89850783749381,30.13542511266079
11.33392530737338,8.642081790768064,10.167426406109257,9.618160143526156,25.643395392444237
8.776463112622576,10.28056000176341,10.318087997175013,8.867844018457992,43.65910082083927
10.352944259651773,9.276820917342041,9.726123906680519,10.586292970073895,45.77429878058696
9.457806462323761,11.789978847231929,10.128775872898967,9.946087586077985,47.26647671000961
9.898130179283555,9.629454115051777,9.67915684767326,9.60443751344734,35.76749548120533
9.442417583137324,11.162895430736656,10.6159068550134,10.008759300742712,23.952071838428175
7.972239585048975,9.54543089171389,8.911098340330591,12.48292914963237,28.566178877970884
9.597018997231197,10.896711707716946,9.882137755484957,9.957230690291743,37.216624516665874
8.466029572016453,9.602903416387026,9.367952839854723,9.89989585781988,43.02482218291276
9.073977641352705,9.935057558174153,10.304277220246066,11.221880584208844,34.113018527121
11.668249900492533,11.142377881478957,9.971231046763723,9.649044948116778,41.032563032825614
7.305010563321947,9.543205983628203,10.400624808698058,9.326771902732554,37.65870054208199
11.401491868184754,10.177610350508191,10.16198319709927,9.915719482370125,39.04030768133248
11.277995152018002,7.838717493314605,9.861831218967591,11.934349440707472,37.89684832052727
8.2659085871312,12.556115831184789,10.676869835050073,10.13878460038227,20.65401674953458
9.75440175793068,9.921906240373106,9.761413741803793,10.246661212334429,33.024469659943335
10.277597947819148,10.77987383297241,7.8788137347565526,11.31478256041931,37.78689978187931
10.644902197535002,6.109133349375876,10.662451983418777,9.215425128594413,58.27222176050003
10.486686557226097,9.507399846768168,9.222924526960162,9.827607413616459,28.3422484900756
9.905751572119966,9.598386848478762,8.995070436955737,10.399971631904146,33.477320615161105
10.091798819610096,8.687534693378836,11.636444860424628,9.436081181729152,45.36157483628051
10.541250657169343,9.184356127158956,11.206810686537553,10.410872110233552,68.39545135649456
10.509090463053672,10.388335398737508,10.079927160026836,11.094298268168682,31.727062822261072
10.470605039634082,9.923218029647037,8.769023712116029,8.978243666891519,45.40520584234007
9.798535900700593,11.194780762275595,9.340893195269366,8.897888380053402,46.37490443359953
9.635533998287453,9.945675391776374,10.591306229304045,11.802561301708632,46.63683821928484
9.729300819063555,10.593190436897515,9.877685202647175,8.51664758569777,45.59448479488329
8.779974332820451,9.832646092457992,9.884744605807514,9.879919091838712,42.666903433403455
10.256083172067816,10.84495314774484,10.453158416830709,9.164984129536187,35.621192692462834
11.254524252172317,8.921919020571405,12.175626247075677,9.610612478053227,41.09469008615818
10.931735532716903,10.284907272015166,9.767307265937424,9.449026656187112,23.82512310070602
8.942853295579088,9.18970200624327,8.767853190522501,8.819047994777403,37.52780643246418
10.180371633722581,8.704405884613548,8.92927792420667,9.700030529730645,59.42350370486915
8.901403558169175,11.397715514825656,8.839351897555357,9.687451582207478,36.048112368386
8.847494806328077,11.551158026186908,9.853246946741166,11.981405699595236,47.43999895074485
11.109676083820254,11.138572508925535,12.037536858388588,10.706747443993317,31.825907494649144
8.932362847376536,9.615126704101108,8.652546390168606,9.656979892378107,31.73724130331128
9.531425363742965,7.439992506779878,10.80904762850465,10.632700525406024,53.314990691521814
9.249721972318566,10.221244536030179,9.378164000450214,9.253669654065135,33.18617554872621
8.37663199544037,9.711036249960989,11.191717902132105,9.400513098828212,44.97904423652899
8.709828630556489,10.466432034264082,10.317846597351263,11.10897632122672,40.748631694396224
10.438117384517154,9.084959225435338,9.467521802687557,11.59679343775721,45.00798799600427
10.782707332959582,10.78416546087577,12.030669737989385,10.62910580037077,42.40932349855587
9.635108059010074,10.247247225594915,10.016856875865574,8.447389192133366,50.15992985015149
8.26218940384692,10.370361913440254,9.562783028128603,10.312594422268347,29.925302408483258
10.014239267744637,11.133687828723405,10.379577763334751,8.492059356799203,44.366451213532876
10.671997801036815,8.452235065388853,10.795597155734571,8.943673395445431,50.45313409908142
10.200533187659277,8.457590419993146,8.45621396331185,11.632494042584021,49.25511064021285
9.617853377367444,11.159222181938246,10.221264637842102,11.712165303817745,21.276915690208387
9.611373212550308,6.955082426605235,8.839658822030763,10.848900625145522,44.32189009063207
9.17579520083459,11.723260268482562,10.382913532758812,9.604945079801855,52.32721178578053
11.31812793268535,10.153721155519364,8.444823706232135,8.735229746613069,33.89715833687726
9.24105975686282,10.74149982756699,9.454311476919296,9.640546767875259,36.45012495629049
8.181801697106403,9.0747559191885,9.39128838273441,10.275152656021183,23.506594543288152
10.133952465181775,11.757347290435813,10.046347973048873,9.835351401058581,28.10686833233176
11.099473975703722,11.207966898335554,9.881341504125546,9.532162894942772,57.46684910494819
10.028654260395204,11.959600828455542,11.988272192775963,8.17624769814345,35.63591889027241
8.515535365504606,11.231290820020378,9.779779696242567,10.159309527972681,29.21508398207343
9.21901634606652,10.564546071064537,9.13742836620044,11.067518055844838,30.94726177032169
10.485963305115796,9.311301780366746,10.999823726246902,9.986954117160948,53.702513657835176
11.086474302641685,8.799958082185789,12.412162194425079,10.924482475878548,49.27102937757007
11.078996344182944,9.829753751292232,9.754228728948732,9.934277042747306,21.245822891886462
11.504378962569202,10.970019821327194,9.99755541423481,10.690977823455894,50.52950087700936
12.194230398636499,9.764120203312446,10.787142822430646,10.593965754295763,55.36525894214536
9.861246584173589,9.55851912460226,10.110678198912135,9.994770698065446,30.026375291857924
11.034937225080638,10.97964519900766,9.529524742177989,9.597261332767914,45.239024145120666
9.194531541723133,9.415543212288286,9.647857665603748,11.150829069120675,41.15881781553777
9.677562382427613,10.17745895413931,10.683630934592411,10.844111781346513,49.21074199235407
9.15586466155774,10.582553077282853,9.462101824559555,10.344267395610487,38.6344752491686
10.676262294974697,8.55628908529264,9.032116751168523,10.244023854997545,36.0970416983385
7.946267654518934,9.62156190043833,10.022095205709745,8.898062584115307,47.32450449858749
10.646393151237412,9.485892626540963,8.89701596305366,10.082918378349646,28.173232789842654
9.598908314078274,10.100294014998203,8.877300908157546,12.205468659819378,45.372669611636624
10.3457240200609,12.099982145841842,8.610171208329557,10.20911330392658,40.14969283454546
10.283188246924928,9.179207705570558,10.380936844367044,9.086915829567632,46.02206275993652
10.621223030431972,11.030599162286924,8.746625397156631,10.133259698004697,13.203355288832238
10.440765295550495,10.543313557481813,10.484714525883797,10.753200633715984,25.17350067618644
10.161061626724205,9.676269610324608,10.00105948828174,11.355486374393658,52.01433656151171
9.857966169845534,9.043306836593954,9.973265456273682,10.993696760785333,35.13803573377692
11.32642710450883,11.027221643653265,10.716812083375874,9.128971806684811,40.796073005480345
10.061477776564228,9.2336711094336,9.82784327712106,8.328338979266677,51.83090984370186
8.439636461880042,9.873457891845607,11.997866131046738,8.453802220529488,33.47775174878876
8.441926674365758,9.536214461170925,10.099601371931,9.602584912436372,42.49647304175469
9.25089844151881,10.694838858993771,11.777134942293468,11.946862882008498,36.69782641844498
9.129216319297724,9.397533033343288,9.69632185931459,10.1679441796934,43.69274209248962
9.799353972608749,8.773319558729025,10.985064065897301,9.291367748016825,56.61695156590663
9.941813531368625,9.728157073019352,9.719993235570067,9.17697908394166,46.47016477155554
11.325299716236023,9.17266440878302,9.719345777969991,11.332837705417617,39.45808393353204
8.934875068879467,10.389472733090868,10.298565944949386,10.678695280113475,36.374808729976934
9.6006631445187125,10.710957137991741,11.124503047235132,10.42695183147484,35.67079572551408
11.009465223690915,9.710266554856199,10.148696639570655,9.490354196158448,52.24176416404565
10.693511165598078,10.866468645582007,8.414109054227211,8.364047555832201,25.82000419668391
9.70703931631828,9.219332024147281,10.076318675767098,10.046327198478027,40.99581221266294
10.79745326718135,9.710712235501305,9.876909673464715,9.289149350204799,48.02118522972681
10.27036916651646,8.470286522894842,9.922572408528644,10.73949060362987,58.24119014153855
10.25166116876726,9.581638859237009,9.865360272882558,9.176463766210963,42.379623958870674
11.067972078668326,9.93818703357242,9.814261492143896,9.519247003277165,42.51405131474407
10.976000410294379,9.541875548669221,8.691762349752594,10.64145416296646,29.021250546740575
9.275054398590497,9.95065953442199,9.408662284599444,10.114635237797888,27.574271347700307
10.731712315655217,10.115974086038687,9.938848465356974,9.49351339432344,47.244580174353246
8.459397843044561,10.859621848454426,9.540668643427352,10.071464956929509,53.14854668151685
9.941851445334262,10.13241945403904,9.708470907864745,9.997461825226587,32.39064196020751
9.689982634267498,9.937231794363743,11.829662444751166,9.573185103019735,24.58996706649111
10.409546026432357,10.986425492054577,9.844752802214233,7.946192786500825,48.76935900815674
8.99768619335555,10.285816583925927,9.4870236407546,9.305655027062507,27.501246559223176
9.363487326075706,9.640884645106194,8.99596145287111,8.692007416065438,38.01748370540601
7.864210666992957,9.910352689412075,11.056569302174093,10.440945274146971,43.111881425005336
10.849911464128782,11.474775689996525,9.54309847101429,9.493144017490138,66.07703661527884
8.430541416498457,10.60049966719941,9.049716514639472,10.468873393688787,45.568426391277455
9.428188574238076,8.710921970576667,9.9778928602942365,10.667183582976843,34.735579845763326
10.391100633527172,10.506098524438514,10.133591258102458,9.197652867900963,23.098743080085793
11.045779688529967,11.381144933185752,10.778086389208193,9.449664696692654,41.53002270444251
9.317256031154649,11.684599923757537,8.504581145162607,9.913291149512725,46.077477103228844
10.410239438192063,9.842578462277674,10.233052702782212,9.736278413839967,51.29739907887022
10.520669921309478,10.321461061629233,11.790267331920168,8.481272504412807,41.318517806202976
10.40600934963973,10.349517641153625,9.778157660515514,11.012537713758544,51.33306401158495
11.327167658653156,10.384458480489263,9.830045293882655,10.00928839194892,48.63912592285389
10.341871477402112,11.451375171426202,11.364904362435317,10.26052283885287,44.87987700202695
7.109410999567867,9.500941770026499,9.452726100432706,9.905014118836249,53.2647850118222
10.906378904577439,10.371371727177676,10.104882848774828,8.661502411232838,40.55205424642667
8.537398835663828,9.588661245513128,11.104167153075068,10.612935120611384,51.933858918493364
10.039201287420074,9.84591009746101,10.187747038819003,8.136870483702737,49.29224773192313
9.411450609815285,11.166448861917157,11.469952954241178,8.250341048002037,29.876349197022222
11.090301304722361,10.75507609827942,9.757020689103753,11.19044155959597,40.63868384676622
11.582484941335075,10.563270694676905,11.038319183913869,9.883657715357051,35.28434958173735
9.624832786996906,9.83021483164724,10.359384235825475,10.958460982804313,54.353085938917836
9.792658327142728,10.150285983092061,9.421534911876384,9.776852012640251,41.920056229405965
8.603333663140841,8.87582930640698,9.186600145662686,10.916818218354425,37.6786378154489
10.289880368794016,9.249737890216084,9.67299422293382,9.641639689157955,32.52767164137386
10.204731945016498,10.59377404185966,9.008282861808585,10.006670136740274,29.935836282230163
9.71199238344408,11.657847230614557,10.76592195379953,10.443332160968977,42.235966884332726
10.585078931627356,10.723942617711606,10.019939595912787,10.900759761960867,47.373571965842785
10.995000903890514,10.171413837404836,11.288866669292943,11.188496840444008,64.82295296410895
9.136405983063627,9.364069260221186,9.69134578276954,10.685485187066861,16.327239125973467
10.511511827423274,9.470031579990227,10.685114209256987,7.509645415124607,45.26482493122656
10.146162344063542,9.362878996759758,10.792726893964874,10.332705554997828,51.82390721333799
10.83215330594038,9.303447753433808,9.962472694821917,10.66955252989021,51.13429490435084
10.9741606686298,8.08986267667771,10.119320998334432,10.839221928844042,38.681103026823436
9.300854275384026,10.369874071034433,8.871138670543615,10.139236714819713,33.854372218894234
9.888006044515762,12.305327174677304,9.249967155771806,11.904641354120061,37.845466328923116
9.343955839380007,11.678910080515783,9.049343733696555,9.951222660505449,21.645205912827763
8.679213735928089,9.3747919368109,8.282103874458583,8.98144620770587,43.71709457306845
9.383716395273792,7.192292821680742,9.367908512594317,9.122729499358622,45.612467936023634
8.906134159122026,10.084523969763387,12.356480873566664,10.572714933908946,38.43594084970293
9.14418537701797,8.633259020633346,9.263789747598233,11.79056742125319,31.69698840031223
11.826621491748174,9.53875169644736,8.987952515197524,9.175001944015824,45.93146645015026
7.351134457696469,12.107523545703993,10.040281831972472,10.415827463178228,23.084946743790194
10.712461860486203,8.720086062755403,10.878650176644282,10.219832968676991,49.94181061477722
8.938971987129898,11.35793288922419,9.907511126443158,10.953416125905624,39.4474613444194
8.808941888054605,11.062266345067803,9.579022833034067,9.739406581877535,45.11705478513612
10.59512924619007,9.562684742025725,10.444904085464918,10.188378054598191,66.24517956687703
9.16507145524853,10.867673525152625,11.04430867501584,9.632657812512644,42.3536470498592
10.93398280048142,10.924182619611246,10.75130572973686,10.326281377512277,53.136645516238175
9.300404843655633,9.295322157823648,9.382310727641142,10.049215360802638,43.43959193713701
9.913414053680645,9.460171564146322,8.569864820441063,11.485757881948384,52.89375566058378
10.416365359716766,10.514900096174927,8.190043555903253,9.503426723885552,54.747462498707655
9.375409826867882,9.472842593845359,11.975893883674406,10.183654307094365,48.9687643877726
9.85278434232536,10.387592016213398,8.595234077841248,7.624440673474568,26.998666268981637
9.445761602321955,9.19269866900982,11.383135737556271,10.928497479040377,37.98729807824193
10.25872006692195,11.017590393298766,11.735295829869052,10.633009396513334,38.560119124357534
10.593590693065623,10.126729807458048,11.033961533677413,11.064669343924804,44.82614147838171
10.988527291648508,10.0111625447446,10.914629817696515,7.389690857866759,30.111514814652494
10.618284203536929,10.046696839397141,11.05449851688069,9.358868735457975,33.71415508030258
8.301525676309963,10.342663525802536,10.410026902226702,10.415256996581219,50.031285176799145
7.428764617637164,8.05394949369794,10.299707893648678,9.08154709408307,23.09026545762527
10.572653076057108,10.724331112347919,9.811607810857659,9.36757483848559,40.20853838248249
9.48564584560836,10.239313719436607,9.943864120393432,10.027671238104608,26.774047111141076
11.549009553371025,9.672199516750034,8.455051650351173,9.969947186420317,17.16816870586955
9.635069621734777,9.1589675027364,8.586202030901482,11.181031252277407,33.55167763709699
8.607444873894556,9.468623483199712,9.63929868880624,10.100436717543765,30.189088312620676
10.62742570142076,10.16308703839398,11.256176578737747,11.045291814612984,40.997328749941744
8.683283256985785,10.589174553113665,10.47790718067882,10.762251494147387,43.19757433781863
9.962922022605765,8.931686163164525,9.486965356095272,9.154591833134162,59.87380129540214
9.633979921716307,8.680279556919901,7.285074055467449,9.924157659328896,45.98978092516238
9.912676363052148,10.988044353081053,7.910772481147264,9.272729704241181,39.85314988328559
9.594178735715216,9.757276307543089,9.100932099742653,9.110979878626633,42.161104666054904
10.448547923245084,10.889116114083084,9.503167843233097,10.892507360922497,51.0738152306415
9.604736069027009,8.393769393745517,10.005540369526885,8.231627581059223,23.3083395137183
9.903668404260612,9.674098715178078,9.932219464659182,8.22881021097025,45.709723805628194
9.749681803816085,7.911536901927171,10.622056948092279,11.080623089878147,52.320984746673076
9.274161927886396,10.995802185731248,9.290263988947716,9.352853706441751,22.652168601196188
9.918938054915904,9.24939375661578,9.928212916684592,11.205178792956245,28.812075121967396
9.818539978553025,10.706575884590354,9.89530908298069,9.584850809014453,42.4319667554806
8.39914953416521,10.677329504764492,10.43390100111327,12.088151232626032,24.09500208237847
9.48422658587347,8.799061540230467,9.912720879397796,9.399927511256243,36.80262755434068
11.365023464477249,10.472315827287707,10.388762004519764,9.803319188375266,45.520165136877814
10.202663347773852,11.099033512078623,10.595948305974078,8.211812777857249,18.954451864202447
9.778142285711912,9.514982578964151,9.252454299490042,9.737139168813336,21.407970694302715
10.48401371408111,11.711120337807872,10.199046317005969,9.95070065327454,34.18973378908996
11.055639793393425,11.359788964290443,10.051438698350355,9.682417035273913,29.916413460199553
9.455914651776688,8.895856943644722,9.524224417318344,8.86673372432371,47.451095113474565
10.083511863570353,10.82735941682408,8.004992023145167,10.560727050432504,45.145884947601445
8.886888673898591,10.248055915372998,8.218785020625976,9.935550743258572,44.27919445019185
10.40228209848555,9.847802755651086,10.471823047237406,10.605461745132246,50.9095562875937
9.853917846568558,9.294020700372212,9.92582841641796,7.770132254960859,30.7716052243925
10.070664397435594,11.242906345602544,9.356873097127039,9.90227494058334,58.53620797485591
9.044662687896054,8.839100365731444,11.245553763847578,10.611116172201314,48.78832026089873
10.277147296663625,10.72512496670597,10.321346666811547,9.379796857891533,28.806121071297675
10.697844004229992,10.513453165271956,10.418905901715377,11.660007192389589,35.29571536635285
9.404786192924407,9.469834167315796,7.8615872100557995,11.398015735660744,20.854387627416557
9.081103962864937,11.152253321378641,10.370723282189259,11.31105278843433,21.017559516880482
11.24526718626769,9.04330455748383,9.119387739089586,9.14120509351393,34.44563616811173
10.456722170620598,10.422506088572263,11.870085091559051,10.788700530575717,61.83470960707376
8.82134190081879,9.700757504790563,11.244484755062748,9.170884759584004,45.193351054462966
9.679016179830818,9.455197304721354,10.74152838914463,9.387039074378764,47.70427485887977
10.014271430456388,10.339665573415092,11.079109013797549,11.07867712595068,42.20736826157824
10.423401564957652,8.953308812387347,10.245520262610437,10.165536766153327,25.821341736448858
9.50200400127491,9.95248247035686,9.503668839858419,10.38548292787921,53.50695626547508
11.151403289552855,10.54189721556301,10.493614045583426,7.930799583128703,17.359874717899984
10.157365128410012,9.871621790063259,11.091695687850194,10.772780657312929,60.075090810593196
9.078283021273457,9.869709213049559,10.375632375680008,9.30099976007073,34.540747757676066
