y,x_1,x_2,x_3
213,46.845662647659694,52.02050323789425,B
225,49.0941627055475,55.14042646444104,B
230,51.063230045319614,50.20179157954418,B
234,52.80418304680832,50.06602732732707,B
225,57.474513382122566,49.558543386787626,A
202,49.94362809071634,46.929146152698216,B
211,49.5466288970192,51.871508235447436,A
219,50.28609161070337,54.51191820659372,A
240,48.64127844657477,52.14145809714758,C
228,48.41344633237688,52.24808085204089,C
203,49.45398848374883,37.69739646825562,C
193,48.95784418546874,43.36405086415981,B
145,36.86488115041253,37.435067367730895,A
234,59.78887140506965,49.42747529266768,A
229,69.87717417639993,47.28754340338655,B
227,48.45061653721579,52.76358178813765,A
229,47.33858287764202,48.09847407770691,C
236,48.0681767800957,52.7873307582845,C
232,54.84068725114599,53.01920637236626,B
231,57.073646405729356,53.0695704435905,A
240,61.73404267793917,55.80428698328645,B
183,52.124732614124554,42.81860040345763,B
204,55.12880520980123,47.82840387943908,B
226,53.98378155645349,47.75551906334982,A
233,53.36627647775407,47.26021908886273,C
254,63.97712214271607,49.710469123383355,B
218,53.94782759775075,53.34803854003209,B
228,44.677004763070066,48.69846135342351,C
230,44.571418425547876,59.31839655295429,B
203,48.57652799579148,50.29686134153633,A
218,55.17551042905268,50.07272019482231,B
202,47.28389022193411,43.41063440089897,A
225,54.534956527230506,51.82682682967456,B
193,43.7674153853157,47.507895020443726,A
236,56.71658895337004,48.42314128576658,C
198,40.74140508122076,48.00835055672422,B
175,52.09580720258642,38.51193428743176,B
215,51.69245416139176,49.10309651038739,A
221,57.08763587078147,47.08403635070951,A
228,50.64453842737293,52.78885575476455,A
205,46.0746124231365,51.501387506518505,B
249,52.668168394456764,51.86289081293625,C
236,57.473357090724264,49.115647927396154,C
214,54.087391755995185,51.84107787586322,B
197,44.68066686112798,53.086105449570326,B
169,44.62158480961096,40.7513215335166,A
218,49.00465792190581,52.927183816489034,A
206,37.82477970120574,51.84377726537319,A
211,51.468838951019656,48.157265734197324,A
218,49.83069690223023,43.61111800207985,C
214,53.74804125000563,44.09193674115584,A
212,59.61688611143554,43.22759118768806,A
169,46.739838266061845,40.68280442078985,B
232,53.28522216362343,55.99019814669062,A
265,48.464398813210856,58.28239147559776,C
212,49.755963085341634,51.67862053525031,B
198,39.28004676041669,45.239628440307065,C
232,56.53957193219992,53.927678405012834,A
218,42.677451796218435,53.88533142216935,A
209,58.546572671864894,44.08822999032031,B
240,53.99367549365299,46.61172804388454,C
231,50.40567542856529,52.584433294143864,C
212,49.07140321987004,44.30083570145784,C
238,54.61656935320292,47.4191185875004,A
207,50.568258377727,47.08129851443,B
201,44.11865715566388,48.984808661508204,B
224,45.999830318678654,46.84535398502982,C
252,43.890060144134,60.0176887525332,C
215,50.07976046129521,51.798694474815505,A
186,45.81493986156885,47.10047022670226,B
206,51.83455704529238,49.51624982276502,A
209,43.90021725093213,49.23393948049181,C
175,39.8471056699909,47.72012586876313,B
199,41.902144333800535,44.49339281402266,C
267,50.48164812134375,60.00088002820824,C
216,52.20980142321883,52.191909984172725,A
186,46.39802587858528,43.2633619856889,B
230,57.31675438403621,49.44280891474261,A
213,49.82116196393229,46.312591466430455,B
213,50.01458963377967,52.26676323610651,A
197,53.47381316673922,43.91210474358265,B
215,49.88535795867662,54.64027931956871,B
230,51.257267420858874,46.17039110509738,C
228,46.859223618482176,54.45915758108366,C
188,46.41761017175674,52.23477387164278,B
218,49.0965063623689,49.53406446133189,C
232,49.15417835492111,52.91408266717163,C
266,61.04071848753706,57.13102507881284,C
211,51.03422562512105,44.09054353781479,A
214,55.145832532610555,45.60290319644549,B
225,49.571400678480416,53.77022378736558,C
255,49.69143798846076,58.530842097753094,C
248,50.62646769128884,55.74540488557621,C
232,44.888116716496576,60.5606363970908,B
265,54.60092518810252,46.26934452811673,C
230,45.96081398533846,50.03423311839617,C
238,44.152534694707036,57.206095180447704,A
212,44.67688552897502,53.62962258842018,B
200,50.21044113039743,45.420115828606995,A
193,48.99604594643197,44.56823631287763,A
216,52.43014425283829,48.13137742526055,B
232,46.81872570119016,47.85442102865367,C
226,50.18206023412309,59.03711026366523,A
199,56.116282409111975,45.25766032839267,B
229,51.32450912972945,47.81325513958959,B
212,54.92752895095253,52.91961308907706,A
224,49.443204254362875,59.97257507765704,A
222,48.27383111556505,46.9892079026147,C
209,58.88134227689161,42.41139130483312,A
226,53.04028602346323,49.889899302227526,B
227,56.97056203623574,50.91974782880723,A
269,63.316400700264616,50.941840282221776,C
235,48.39478937237035,56.96474364390366,B
208,51.544417448480836,49.876006169534776,B
201,45.575945541826606,49.64436367813019,B
205,40.14457758875665,51.34503691753847,A
223,43.41462055109559,56.9923642753184,A
230,47.553668233661625,47.53458805829098,C
194,44.08052544345798,53.19825314998239,B
233,57.79563051896958,47.11593027198491,A
189,46.364522180993774,43.95969302076476,B
218,45.05284653107371,53.24110243895347,A
218,54.770417883680295,45.25879077194684,A
248,49.745639915037664,52.599457232602184,C
208,40.56652440252934,44.26838933166077,C
210,54.40169743033422,40.1747729807535,C
202,52.86288061412851,47.342971245067766,B
240,45.592996610260975,59.834465353284685,A
171,39.14898108634239,47.06948092167067,A
258,56.53709828926064,55.1020749630908,C
236,49.50953897788784,59.6600606142856,B
235,45.63385765076404,59.51557048282763,B
199,50.018896274569805,53.32334146708359,B
168,39.24426224369723,39.648653736325855,B
212,49.08614509089829,50.23024793910267,A
209,45.61570407567734,55.58052981164595,B
255,44.27451707672256,58.21857216517188,C
235,41.70089542554524,46.01321266116243,C
275,60.14230320743543,56.116974825265146,C
229,42.10170033818679,56.917415842087635,C
207,52.27713858005612,48.88063868734001,B
209,48.01787548570709,44.85562740688125,A
220,61.89844800807949,42.75122055493167,A
184,40.21369616098554,50.399473505459945,B
231,44.63057971614782,51.83422663878497,C
212,51.12554475537434,46.774401693065734,B
192,49.0660121968644,41.95746723361753,A
205,56.62092914934421,45.83904192592417,B
205,48.79133771641288,47.72627038296033,A
195,50.85292274879246,47.174989424251606,B
206,43.884206023856564,52.11207146087279,B
207,53.70999304161119,49.83405210288614,B
218,47.855592761740326,51.59106845466324,B
235,54.59562287118355,48.95631459323613,C
227,53.26111597783636,52.64769362589475,A
192,44.26673762031088,44.86898588323991,B
210,52.306310899929656,52.35435797385935,B
238,47.69818132224785,56.35771537322113,C
257,45.2965039882823,47.987620386832,C
203,43.51185169918586,48.59527498509576,B
211,43.11106228508273,50.8601535847145,B
240,50.445306644454924,53.592298881007615,C
183,46.158536021833,45.13541272922031,B
222,51.710504161862026,54.574257010863334,B
224,46.621629263787526,52.22178197523799,A
193,54.23134441569679,43.25344245590993,A
192,47.7002781909714,42.5325999334496,B
235,49.82667435675136,53.13179982153249,C
256,53.56604730494624,50.204069164840256,C
245,48.61140328385026,58.27615080514778,C
242,48.228825874719995,56.46230612566558,A
225,53.77972765762096,54.757885419818834,B
204,45.04917658384154,56.73795406014999,B
185,54.00528886982625,39.673636402336015,B
232,58.508684625769405,50.46529259198589,B
239,48.95203115916559,53.09891975916553,C
242,43.43234402431683,50.51744983111264,C
233,53.143583284849896,48.09771976928819,B
179,46.07573378056221,48.21942486978702,A
220,57.883981446401926,46.50830151822872,C
221,45.97081956019469,46.36709867333675,C
219,46.75623687269775,51.58638176279873,B
234,43.397022249179926,52.424603880391004,C
212,60.07657196631353,52.16218807383306,A
177,40.15996501537857,43.3782920001256,A
210,54.50447752252495,48.297805249286206,B
231,55.992633943452255,44.34646597988058,C
181,39.55202444502594,49.514465296154114,B
184,44.98665269205774,44.50046695551873,A
253,55.53145845124972,52.571474972358295,C
235,48.785904286157134,47.80668777367196,C
199,46.367799780570515,47.28603656578955,A
225,52.38618237188959,45.69718350289931,C
232,52.583362758656534,55.87672864292943,B
249,54.33465532000012,52.86368958586682,C
238,51.556608517175675,59.72212953910479,B
186,46.57741891130263,45.85270314614044,B
235,51.040618543746945,53.07254381586773,C
214,54.31480668461298,53.623137647856744,B
227,52.54623387281963,43.15241417587452,C
206,45.178011383430096,48.506330564055986,B
213,48.07692673778957,49.928531437127056,B
231,46.506146586990965,45.828539015810776,C
213,52.06102197632005,44.838106154958965,B
234,48.609968458836086,43.31880065091473,C
257,47.26838456596693,60.21330700971167,A
247,51.293756511741776,51.87330357480447,C
236,51.50053500713888,47.99829486279626,C
212,42.00983776984763,45.3608519858821,C
224,51.93237432531275,59.96991658952797,B
213,52.1496089270293,54.65225255195683,B
235,55.281946101339535,50.42186886323356,B
205,47.42779982528897,53.37293483996154,A
212,46.424188802467825,54.525491374202744,A
183,47.51946023950256,44.7587462112199,A
211,55.224951880777176,55.61885101745217,A
212,45.655039073366844,49.18924068856612,A
250,49.29042131379311,61.40786108973468,C
223,48.82033687834356,54.77667293940442,C
199,45.863187753769,46.95818614665399,A
185,45.99233522838803,46.40260622910628,A
227,53.609034470592746,57.11157460696775,B
221,50.64650990242713,53.52476964376163,C
225,56.1178359405302,46.21265437238643,B
263,54.73625714073058,58.703435671684936,C
247,42.63861935770025,67.35042266343123,B
232,51.40193441102053,54.05738170601902,C
202,48.770215918500725,53.142365456249316,B
207,55.649523404074166,54.46229847988334,A
238,50.11646438041985,47.1080567199016,C
232,52.27409695766278,50.74776053621042,B
219,38.44170721841417,57.31375564856813,A
209,52.936490275097945,48.81615010523646,A
249,41.2377969493117,55.44249655646807,C
204,52.88560246169249,50.716719524148566,B
213,51.36693261538542,53.29666124442633,B
204,52.073740589148215,47.93799407573374,A
223,47.771217955920015,52.37447516840753,A
200,48.28123546205439,51.03606443941068,A
235,54.75802416389416,53.56437135825407,A
240,52.13325021403294,57.66769670863575,B
183,48.76613784100566,44.20021547971196,A
226,44.26681789394084,49.097012330070505,C
226,42.54075704240298,47.94639663826554,C
206,47.88174662181731,48.37317190295515,B
248,52.90963779476952,49.33517846536837,C
246,47.6461824417187,49.43202082827432,C
204,42.42096657008027,45.360959361708865,C
199,49.28321126165764,50.59857916847986,B
204,47.38178746460652,49.815435864129526,B
241,54.284292780744394,54.87919197418356,B
189,53.172228336022144,40.21988728991321,B
223,50.52656997899462,47.09200536726095,A
211,49.26608910477777,41.089935059684805,C
166,46.61904718404917,39.51897751672007,A
210,37.746792480826095,52.682081430270024,B
183,32.70558751376504,44.87524861433386,C
243,45.39858655758711,53.99194366387678,C
218,50.007190015904875,46.88010738266626,A
232,53.47429279088977,52.318867910273305,A
206,46.757502768923,51.21876876323975,B
184,54.385508036962705,42.56802221260712,B
204,44.70936386435501,50.33442236809899,B
247,52.99424925545183,51.501275878882254,C
190,48.67087724237562,48.39525382688332,B
193,36.50654515790086,45.451869375713514,B
216,50.386056194103944,50.53382174881012,B
255,47.88270404982879,55.66477525744532,C
215,51.84647864484997,42.91372622579139,C
252,50.818904068838144,47.1286777925509,C
257,58.23841213233652,56.7851648223689,C
198,40.93517875337575,44.14100940427473,C
205,43.55114825242274,46.17693352419952,C
206,44.10987268885807,50.837703624306855,A
213,43.95939765141143,45.77918785312284,C
244,44.753492055632314,64.36913994392327,B
215,49.98048930301429,50.825181092923756,B
217,57.255201418574046,49.94784221300483,A
224,51.48650422822745,52.42237499714442,A
192,46.11905533509577,45.9963550816424,A
210,52.02466266034977,45.692562032815864,B
242,52.94613342758296,55.18642291770403,C
209,49.013044351401014,46.02063045692971,C
203,46.37899785205189,48.88939423093166,B
202,42.69898852902507,45.9810656326774,B
235,43.18702627399335,49.910773682039455,C
208,40.51368000083723,50.55709359240725,C
196,49.84048015353389,50.90732607556169,B
219,52.24452340334754,49.73493442110202,B
201,49.64094014680198,44.48396665047918,B
208,43.734251139350555,56.69181492142838,B
220,53.18756021714171,41.283118565354,C
262,51.64860124582156,53.43848112266612,C
200,47.646795050266746,47.65629277511221,B
196,51.39352452585551,44.754599976009054,B
216,44.05651996657298,45.097782833040526,C
218,44.912787118762026,44.31806613416846,C
206,49.11341476377551,46.71272199238532,A
210,44.26563101703,51.51571734023802,B
242,43.05067592316529,54.59888818424549,C
232,49.71135774419002,55.481743171767675,A
204,50.08815621069928,46.83049003871444,A
223,50.865323603494275,56.630900337171184,A
215,45.47575999735735,49.85704130166185,A
215,51.697516444679636,54.21349283629984,B
204,50.88257573458314,48.93975380962748,A
215,56.44976601141819,43.25787582155132,C
198,55.08471510776427,47.305447365987554,A
218,47.434533556736874,47.12691145136333,C
232,51.136761238132436,52.599767583349504,C
261,49.76524857878926,57.22036051190356,C
193,41.40957807237045,54.709893236676606,A
244,48.04746051034005,56.13274768878238,C
242,44.3436176610224,56.857613638020894,C
170,46.77943243229289,45.909535756176,A
228,50.50345218373476,48.906568928819055,C
212,45.701340474290724,51.16517872046519,B
207,48.76780913288212,47.65378463194826,A
253,49.34622657092853,53.66737708535945,C
221,52.63599293459497,52.101300177138384,A
208,39.6113120079458,46.410947693553474,C
200,45.0001837403066,55.11102505202868,B
209,47.96525448122103,52.04577424594038,B
197,56.69621405352197,39.12489131447191,B
243,54.979399927885254,53.64542907315385,C
176,41.96231402084818,47.7618423922795,A
183,41.62267093427596,37.83882980916415,A
180,51.231860672376214,39.40052799258702,B
189,53.627023720814265,41.177410404462535,A
215,47.22353617096776,44.981292728807894,C
182,49.917965325500525,37.224389050609204,B
222,47.71117482617444,51.95685906273124,B
225,50.114546159181145,49.77137867352531,A
242,56.2975852374189,57.63973069708703,B
202,48.27084739117777,46.04781701597743,B
207,52.55677788748787,46.02549533862408,B
237,48.2901290102898,52.180134417841955,C
191,50.112568381626595,44.909993703188306,B
208,44.543940357512895,49.479089048977976,B
207,60.181288441955104,38.332787339759264,A
227,46.77671158279758,53.15563592499094,A
217,48.28362977297879,52.58674823443593,B
198,49.483561289882026,46.169787437403365,A
223,44.99937990459821,48.24503677101413,C
259,51.12845393071435,56.04049130458276,C
204,52.343630757700446,44.09232200829055,A
207,49.78219875716782,49.468504168382644,B
205,44.97350710924023,50.24967355078017,A
232,52.51341203396974,52.229870677855054,C
237,51.13879287178956,44.31914041814554,C
231,57.86325193775422,46.200845813356196,C
204,53.114008916817156,46.26003875429816,B
246,47.63922734719156,47.797711990561496,C
227,55.17831769662139,51.592854477690224,A
253,53.74218984766738,58.045816274637716,C
248,56.729337001304756,55.18395555967191,B
258,57.322061390101624,57.20595768888704,C
227,53.19530847124803,58.15303858699261,A
190,53.030594040888175,43.70939716044671,B
223,52.56909237928893,50.45175084059051,A
206,39.131228265931696,45.58104083230072,C
201,44.08854583678179,53.47000045792452,B
205,55.212918408780446,41.719797682385874,C
232,50.458439639057474,55.09584276466596,B
249,56.60450748993336,62.85060784578113,A
203,44.93618187878602,52.92900783330091,B
219,47.1566035404202,48.41875842375297,B
239,49.62527152904874,50.974533345435326,C
223,52.5917124327923,56.08005382214501,B
201,51.037843050131826,41.00012107678508,A
248,54.95651270291111,61.22818940676808,A
216,51.13177771076356,50.217011754149304,A
237,58.69433128575612,47.71747544824715,A
224,47.317402189884184,50.53812680405052,C
206,36.537097124054355,53.40852605060327,B
222,48.37924335642856,47.86371949072479,C
237,46.16828238848755,57.05563087185081,B
202,38.925567974274,50.0923452690142,B
201,42.10399074389858,46.71769759364052,C
197,49.59271154821632,43.37655275966994,A
202,48.87307517171945,47.59838595313288,A
201,52.83715136770146,48.27145195088134,B
250,52.51055601341615,53.33587681524503,C
198,59.47381589121473,46.26806039361884,A
210,44.3293286008919,50.69458579278197,B
218,55.008934435463146,38.70509257779594,C
242,57.811821548684016,57.45658618401629,A
238,48.09836254287885,48.326810377877656,C
217,51.54533373552796,44.36686856345973,C
204,47.101616579772134,46.97690112727279,B
200,54.90549343051945,41.778041218637604,A
240,50.788840889606135,55.02805868963017,C
237,51.686797801597876,58.49043799446013,A
190,44.611365190418525,39.666968551320096,A
214,41.34451491716992,54.06543268683076,B
208,53.60299731191159,46.35925875704985,A
205,52.15813121219872,38.881959186277086,C
256,50.7785985369659,51.55845870772334,C
182,40.82734548110624,49.06968100694597,A
228,47.39343629565188,55.65449407865494,B
204,50.78958388302342,47.613640538622924,A
207,46.6325254814487,50.632484796329344,A
177,38.73526708152454,40.72047876145793,B
205,45.86835153416695,50.92454460021886,A
229,51.39179010351711,49.83820187194743,C
198,50.69678442659345,46.694893738831894,A
214,55.42893017568411,49.754608918322134,B
217,54.77017069960743,53.11736502333136,A
230,56.19980914125545,51.740723883676665,B
194,52.44258934040455,44.59175012434415,B
228,54.01101680148387,49.88203137598572,A
218,51.830532957234354,48.619694831957716,B
208,51.38251826553444,48.89895143766502,B
246,46.03082571440729,55.97999371545623,C
214,54.44427879960821,49.93909363661509,B
239,58.29026061520928,46.26709732028276,C
209,47.96097375867134,54.89878522019329,B
215,54.05178351021331,47.6379488888608,A
203,48.782752257770426,48.44439716897307,B
205,50.8804629466773,45.193800806590176,A
213,52.292674619600184,48.81120548786033,A
227,50.74399000050183,57.89509766360602,A
223,55.07480123209198,52.488622515761904,A
195,57.87145963918909,45.60279516285423,B
226,48.403241223288056,53.9288790380096,A
242,55.27649597524984,48.66975290424543,C
225,51.72766930861425,52.8558984143768,B
209,48.70954769953207,54.37772796081022,A
227,42.07646740885292,44.94633092994618,C
223,48.89194000055054,53.51593580803159,C
204,57.96376498267454,47.62900810775637,B
181,45.82314419685884,41.103876931450074,A
177,44.0732577129556,45.36800014901866,B
221,51.97326097425185,46.10681381616224,C
211,52.38387676840806,53.6198350031361,B
182,42.24201390441097,44.559955030629794,B
204,46.98784338968999,46.68784912978092,B
211,55.23736860695003,49.08582616065619,B
235,57.59195595565304,61.166239858035446,A
230,54.258197678164514,56.17809317774364,C
171,44.68103137252474,42.105401108376235,A
238,46.637042271065866,59.72631787931037,B
228,44.19215679077791,54.73097499137472,C
217,45.93883510402269,56.03763460389661,B
176,46.28413569848061,41.616785528147325,B
219,43.57335226920668,50.37575595397543,C
192,53.402568120928606,41.24457349773092,B
233,45.99693741462457,51.47035538622835,C
205,46.63919114824831,51.010935563864706,A
207,50.79751379895879,48.37576078188924,A
212,46.002455561721476,52.79418412284048,B
214,40.02933168465789,51.116350870062206,B
240,46.89945001819973,54.20854841078443,C
218,49.01271791883403,53.91910272542426,A
233,55.238300963682406,51.68687212841111,A
205,57.741514377917895,48.809236437864286,B
213,55.4115517703742,51.61395474717096,B
193,51.452456671669516,47.113685976627195,B
178,58.086795053320046,37.564344604668605,A
238,54.9469730886763,48.544425621914385,C
195,46.49831081206155,48.4092922327836,B
290,54.15617399849581,66.25779597221357,C
208,50.01167847068684,50.475233579533004,B
213,52.501633910808266,50.176827690354685,A
196,55.306251431283954,45.27484531184077,A
214,51.41436681511629,47.19917278131781,B
274,52.96088919294449,59.39400929236857,C
220,41.80359541535898,49.808532928850966,C
200,53.93970487102045,45.825218222790745,B
207,50.64336648784232,44.759251773467035,B
219,55.254830677001266,49.792583387408214,B
234,53.0323259296982,56.43000078218096,B
196,52.713931900955586,41.71201367759714,A
224,56.25754823586211,53.732119842248764,A
194,45.30992572293553,51.58865715531334,B
236,51.39479421265748,45.39648124806414,C
241,49.84046554422843,52.008393394984395,C
180,41.003651087112516,51.23031477244536,A
223,58.43616154706619,55.29041413311689,B
230,52.134953051228806,50.2554704838807,A
200,51.81066966944487,40.37233971940353,C
206,54.856468764995405,47.076297748767544,A
227,49.69977012395859,45.20122689780905,C
175,46.6009255051693,44.182007140359794,A
185,48.22916299239176,41.41150331351861,B
196,48.32647963399539,46.66097671931423,B
232,56.44407256434117,45.80352882952529,C
208,49.49468461853428,47.195153534195825,C
227,46.91815257060729,42.87921216470715,C
225,43.43946509622501,54.82957673765364,B
188,44.092246778460584,45.334600703531635,B
239,48.133516595199566,45.6098539923262,C
201,45.407264233557285,43.70966600479801,A
238,48.51139479927685,50.636451714222865,C
223,46.02675775748413,56.01480205640254,B
201,53.98403677965925,42.04573317968877,A
196,48.45956068380474,41.683382421038615,B
234,49.48380001989255,58.44938245361489,B
221,57.15194040043567,51.959097611858056,B
216,47.73916903877783,48.77412917630534,A
214,54.198845141315246,50.99471376276284,A
213,48.10462514274812,51.68715082829306,B
220,45.76881528402929,47.95465232510944,C
199,50.79846763026077,40.197536538752395,C
207,50.14834747716148,50.73012442576183,A
213,51.541202840793936,49.91043780538258,B
219,45.49641822136299,48.260735757806486,C
205,51.06853053284973,51.65947848587223,B
213,47.82458228663611,53.97963102629473,A
215,55.270517997645754,48.03614464314691,B
268,52.6519886716653,52.59196989167952,C
203,48.016392266865786,50.55659694900623,B
207,37.38642457989561,43.298620094637926,C
222,51.30364962873595,51.07500021419535,B
193,43.03295668502321,44.641827001571585,B
238,49.459937109157124,50.35624335859058,C
207,50.04942882209878,49.4242640390071,A
185,57.398199098693134,45.30809923912455,A
200,52.345179157130076,49.16631816208886,B
201,52.34352533306805,50.15501325332972,A
186,46.32149367393081,46.28411003580612,B
190,40.82606566263387,52.46482496588008,A
223,45.77372634855205,48.54617027354381,C
201,43.33390151671397,47.902395362778,A
239,47.392699100010944,49.58231993045911,C
250,50.78529321242103,48.42677215288982,C
210,47.48475002094342,57.651273367739535,B
228,41.132080376758545,56.86764580673599,C
240,48.28105047033834,53.75980971373739,C
235,53.18323879399176,49.35455676462142,C
251,44.72181187073243,59.044645857693446,C
219,50.39881885680842,47.337983980571885,C
195,49.4171702757897,47.15836525459746,A
200,48.81919968293049,52.34365553566056,B
227,45.10798532712545,51.75569233770235,A
219,54.13045379673754,48.87140257375688,A
221,41.165126271467614,60.8062809980499,B
223,50.99911697846939,50.33872501745581,A
173,42.17706673555439,39.67404869305837,B
224,42.382651829066,57.73818728851252,B
237,55.593195253730585,54.00230789545105,B
228,54.15470362656749,46.83080426742048,C
233,53.751411918769634,51.74153663162872,A
237,50.51357180415498,53.97803156343212,C
233,53.58140936853214,50.340148541905585,A
210,62.27312963605582,47.463321945985626,B
244,53.192668709921726,45.856970089331256,C
203,53.64027912674128,47.02718198814744,A
241,53.520960105877336,61.10384320449596,B
210,44.401442059255714,45.743121493695035,C
238,48.03623234623596,51.92569872880896,C
206,52.35905562026946,49.42854860242739,B
205,54.77886943322965,45.01883018849693,B
231,48.6543001654875,55.21799778398008,B
189,44.22909445989606,50.20186839240055,A
223,47.618918488173826,57.442953204716304,A
272,47.815431221454304,58.51716873516572,C
207,52.27974935141419,49.61387891637722,A
202,49.88564869467344,49.846294660589216,A
231,57.10508549437437,51.021199503151024,B
183,45.25153623621336,44.55442456304975,A
168,43.21833913849254,41.172439878983674,B
195,45.87121536348244,52.21779624939646,A
237,61.02602182028261,49.3675042228868,B
198,42.77573090950961,49.749569146327154,A
232,53.2351717418388,54.66951053097595,A
201,46.60996520485764,43.98550060719044,A
209,43.42819632665433,51.379652867167664,B
248,56.47630489711726,51.165956847884694,C
222,51.73858534588062,48.275340000219146,B
238,47.2068069818724,46.03164369768227,C
204,51.78455395559928,47.08162160993323,A
216,46.56683662669158,50.80616539833197,B
269,54.08964793108286,61.619400088468765,C
250,52.55534883654155,60.1216025787219,A
210,46.9771242801608,47.78098944697506,A
205,49.099539322504675,51.7555764081889,B
216,55.40496770409265,58.31558943686612,B
278,55.4899685239078,51.731903601611435,C
200,46.773702819403745,45.53112434304519,A
233,55.73635722625999,54.17685029819543,B
223,53.300679345818736,49.153218508664814,A
235,47.43085204193442,56.01348502780073,A
220,55.70754534066517,51.9607460339777,B
216,45.97846054237293,52.83611552144745,A
170,37.68418820861593,41.88707825055522,B
208,51.70661176476747,46.46324468553671,A
239,49.23757201696418,54.60963294312008,C
226,48.93767895239581,52.06547581398315,A
208,55.253140506753205,48.85115954564513,A
207,62.35964963303638,50.57367142372793,B
184,47.68257558389065,46.04865498633398,B
253,51.33375842700225,56.63439342484154,C
233,55.16564563035537,52.88447251666709,B
200,44.479803760819436,52.27164996138558,A
207,52.92515646757972,54.46234731972864,B
228,50.29888727352221,44.61885685918369,C
195,40.089809948883584,48.61362773223511,B
258,52.22555660765302,54.468596777447324,C
209,49.21028315359579,50.61512599958364,B
232,56.56099996306448,49.851451910879625,C
185,48.66257152381312,46.27880631327067,A
191,49.65414594560166,46.227755416124765,A
218,53.100555709721256,54.94567658632081,B
266,52.734894561299036,51.54724349115272,C
214,52.52405522283562,47.64997585443383,A
214,46.54296142634724,55.451740658638954,A
204,53.014715942867234,46.53760471005182,B
233,54.44492489929384,47.35654899605624,C
220,52.25563468830377,54.051906662617164,A
215,45.51278857510169,48.24803367147866,C
217,50.237498935238456,50.9547882166797,A
172,46.23666631932209,41.90302787442705,B
231,53.05288224980585,53.140856342480085,B
207,39.54094402678379,53.480598709495716,B
191,51.688521529874016,43.712323651062846,A
234,59.45320278738636,51.276665016196915,A
241,53.287109824986004,61.28478718026953,B
222,51.14534783210245,55.716233158048496,A
191,47.14579344648774,44.41954132556262,B
232,48.57685255371333,55.611461020928814,A
190,49.615926553086624,46.41488007363257,B
214,49.58104978675949,51.5825899308904,B
193,50.412389603301044,45.33031094288552,A
209,55.209777164034975,38.75702564146733,C
236,57.498060872028496,46.50101015203533,C
211,49.507082129341136,50.258322712667606,B
206,52.25422978687917,49.04729708748475,A
197,45.13939612067824,50.16834866505805,B
247,53.47679494536965,51.33829908307268,C
233,50.585796712505086,55.51806491179018,C
184,42.732825236397105,47.38258990390598,A
208,57.36389941888056,47.03443693913758,A
216,53.14857282194279,43.04882133396467,B
223,47.19573398926838,60.28209839456639,A
217,49.781355939438775,44.44281931275409,C
205,53.492835996606395,46.075683346504036,A
202,50.91072873397261,47.78973436820109,B
287,60.207629188568475,64.09034489727401,C
186,51.798819664673054,46.08498442595339,A
218,41.606175151097005,57.47061725513521,C
232,47.9466593361386,53.12233778454211,C
215,54.45292043822094,44.298590195953395,C
204,48.747659815598155,50.96700287962488,A
230,54.69573791760957,50.14011162130416,C
243,49.21561764150599,48.55939662014526,C
224,44.10112838310252,53.7873035425878,C
237,46.58281664850991,59.576899746896764,B
245,51.28568950271419,54.49439479881507,C
229,52.404125165292896,55.34833823159907,B
260,64.05466996530612,59.94763206227445,A
212,48.771880274835,42.98954017717293,B
214,46.927888394414026,49.728511927654424,A
236,60.677658206247145,46.95265062569497,C
254,50.18027848967188,52.163389399725475,C
234,49.67335819545416,57.450314918206615,B
237,58.37775506852932,49.37074316209753,C
184,49.15180136763757,41.515219649825404,A
239,58.96261375378805,51.643738666477866,A
197,40.49432679770829,56.38180732091857,A
244,50.66539632559733,49.61316286573601,C
222,47.59140147618392,47.566676543534854,A
225,50.84911941775754,53.74135824691797,A
212,55.54374015937155,42.463218414087116,B
213,51.19806537589832,52.703879702598044,B
191,40.04363279049947,50.11584727321031,A
229,50.3910109547454,50.77490886425909,B
209,48.89818694294096,50.408401491790315,A
192,43.628714138535244,48.65471091867857,B
198,41.3835577500023,44.59173416369585,C
234,48.284834806263554,56.7720166082285,A
220,39.22565719154018,57.85952594743318,C
226,49.6417241748573,48.00669324902818,C
236,48.48067565697504,50.29653154966734,C
282,55.21570817899032,61.56249022630724,C
238,50.303347875780894,58.866753472562145,B
242,50.57430939726772,53.024532313971726,C
219,51.38257811076433,58.23443524836752,B
219,48.122723395972315,55.01120724214853,A
251,60.01084038039629,55.39811421794339,A
196,47.08945409783398,42.88867493111545,B
206,57.9520075465838,41.93328512397773,A
210,45.517699723638565,50.715471710102626,A
180,43.790557468405346,44.19358146551633,A
170,45.40261200907494,49.3765660353386,B
250,45.99652635110028,54.24051449660893,C
248,51.80583558445224,48.19753163412615,C
226,48.45696485237162,50.14912638992732,C
210,59.36153273041701,49.521934317513704,A
206,42.39283367793671,49.603603990563954,B
226,38.61978677106794,52.79840636133259,C
222,49.92093047086216,46.40518453442972,C
257,47.485680837954945,55.17478626559723,C
202,57.59253891627751,42.72672997809387,A
205,51.44918954891893,44.170340037620385,A
204,53.467123903409195,53.37530976456089,A
199,46.5260396726048,48.76647715353866,A
227,42.99694490927888,56.19379223362766,C
222,54.40022028199161,44.81596009351168,C
161,39.58273942996531,37.685902334586615,A
229,43.58428344035005,57.33093627594546,A
171,40.67670235908005,44.73645264172819,B
214,49.44211904900572,45.38200172867313,A
257,59.43997986652693,46.67308438860075,C
233,61.69031393718264,51.65728429617774,B
217,49.90109491839456,50.68728098092504,A
219,55.497109243492915,53.079962069608314,B
206,50.57596902530667,52.45058175222775,B
239,50.47586423703973,48.2601276142382,C
209,59.46555695798107,42.96735197728066,C
222,52.49159088757826,43.900786446362275,C
232,51.796490891209345,50.58813033190098,C
261,52.59733495550099,56.88286580962627,B
236,54.23868419451934,47.37720905712496,C
243,54.26178572023453,50.49719116279377,B
255,52.12548891634171,52.70486517885571,C
234,49.67852262544951,49.42491698066312,C
228,45.53036448449169,50.00183191135211,C
247,48.99861371771579,54.63045573138704,C
243,42.78223086348971,59.08883241310435,C
220,51.56294931432564,50.41537585329061,B
249,56.26976124891917,59.19341595544304,A
209,53.82546438424803,50.15941372565639,B
236,50.97089931649785,49.56624398230012,C
185,50.95294871092984,44.36234127123289,A
213,47.35286786980229,57.72703470105998,B
238,51.98656717005245,51.31151283231017,A
207,52.517027174626776,52.71688476961636,B
215,41.37518264025511,51.770412908901754,B
198,45.573787178900005,46.06291288667921,A
236,53.32200291133588,61.494796145924546,B
192,52.12555236449087,41.92323387104271,B
181,48.26004590657431,41.687045526099496,B
253,48.70393269015513,55.347713387697965,C
225,47.95950432994857,43.974764673408274,C
239,60.369011953519404,50.45507308279947,C
202,42.19584722803713,46.38244683497657,C
212,53.075007707946,47.4752535794784,A
186,50.19541665370068,46.6510122271894,A
177,43.21525136536942,39.95261788819846,C
221,53.34787962967513,55.215450888324675,B
232,51.10671247351005,54.484960109964675,B
213,51.65386361613261,48.791472429271224,B
176,43.84014053607964,44.59171314827355,A
186,51.440176117097614,45.82386963768391,B
210,43.97738633421027,56.49178217474241,A
220,51.65350480890721,52.43029019395648,B
196,57.257703759644755,43.87273052154235,B
255,47.02822798429631,54.51315431381053,C
206,44.45056462420918,44.26698364554555,A
188,52.14167235092491,43.314966510516456,A
240,57.659923860974395,52.41941921646661,A
231,52.56054770016275,51.19591786818064,C
175,51.41636230836067,43.27993691308961,A
213,46.544247639564325,59.333201727822726,A
223,45.63033134307575,45.95459595903393,C
213,49.415631904106164,51.615943437946456,A
228,51.28944840639452,52.50353153475312,A
212,63.10052095316611,39.31308055427063,B
215,52.69171076766935,46.83400153462966,C
241,59.96126652856742,51.88795537638703,B
184,47.91244525982372,41.31306902605952,B
271,55.969770395918296,55.779726809105156,C
216,47.42949409816169,42.76657393977359,C
257,45.48766166053156,55.28226473940944,C
212,47.56014781671261,40.30366881936241,C
222,49.32409122085722,51.404788305362644,B
205,44.95572179788521,53.77858087439769,A
249,55.10308600785844,59.35088061369252,A
228,53.40066548782342,57.42303387063057,B
243,53.89278328863784,61.59232112967204,B
203,49.19362029184657,49.87934275266826,A
268,53.38867486534653,54.44559409981707,C
208,48.06336749355126,51.13515165926687,A
261,50.93069817278714,60.07695473470156,C
169,54.3068212082305,33.373905137453505,B
208,47.18318327305073,44.47764635407534,C
194,44.58459031432393,52.39123749192488,A
200,46.16986503583319,49.468767163377706,A
204,43.12749354591146,52.24755430065486,B
222,52.871838762120134,51.42612535926887,A
188,46.13940236514163,46.6345862299203,B
208,44.090757055259175,54.143469438384244,B
200,48.0715057624114,47.918044593318996,B
212,51.85021329030863,51.62184072202846,A
194,52.77611316776424,39.615947741904655,A
220,56.79028615441132,46.791885042835546,A
221,46.89342967347223,50.56823407001403,C
246,48.68331228337525,56.36204267741254,C
232,49.273320483545305,55.01232278740628,B
232,52.50298840047669,46.37520594358274,C
220,50.01305687836807,53.927268037423566,B
202,47.528737129677836,46.03194272883097,A
228,49.7765864005168,51.518374410164895,C
240,55.69418791060011,53.48137714009944,A
194,48.377105484806194,51.6260030601488,B
212,52.13004422226129,48.900423549737624,A
248,45.60418367373277,59.00419974548677,C
228,51.19586767356004,48.0001343610186,C
182,42.80775436767202,34.69945757336236,C
226,52.894545163953616,48.69292359673487,B
222,46.143977687549395,44.47592225227868,C
232,53.62399342537875,45.92648228112052,C
262,56.75523249967175,59.04511189569941,C
221,52.35273894639242,46.712175633271585,C
197,47.34861340925099,46.23458074537751,B
200,49.07910007536395,45.83040917158753,A
255,56.462907327956636,60.19983628204703,A
243,41.90372776458407,52.093452749388696,C
213,39.14501846732777,55.74550677973377,A
198,56.158029989004056,46.18752093622192,B
178,48.22550767911392,39.80305814967691,B
202,50.79416397981032,47.83680151887543,A
217,52.54340596597903,48.899275884372685,A
237,53.242083331031594,41.673455509990795,C
198,50.77011040649523,52.394051136419606,A
239,47.71093589093593,44.57507724628854,C
249,47.45966030649844,46.98500703813664,C
229,51.02543203728638,48.20411078734372,C
216,52.93677221924958,49.80734513933946,A
202,58.85326895578022,40.78907016423829,A
184,48.35255800950016,41.73388663681216,B
227,53.49782508531398,53.02025909659284,B
221,52.79060469942943,49.790783037714974,A
228,58.53273945321295,46.45202189697082,C
249,57.41514870758558,46.58746540929211,C
240,54.4560864380907,50.68735982778696,C
202,49.441014006410924,46.802351559971044,B
228,49.61145673733161,51.159939809029794,A
212,42.65773411387492,51.89950138465173,A
218,44.54892808204882,49.58224942431171,B
201,49.28462273041163,49.047528404839085,A
213,53.01009694554931,35.743315478122874,C
180,47.554228480640056,45.72775727800919,A
216,45.39320697728592,50.49340451144033,B
221,44.26583856524162,46.22734384731824,C
242,58.64107560058669,50.71424088574201,C
210,54.04544514112982,49.24059334555424,A
180,41.98008249454699,44.64883773726879,B
231,52.73403740466634,46.64179188399404,C
203,46.52106743191211,52.06372518136268,B
208,44.21458404036266,50.372626941199734,B
241,56.04743877722047,46.81050919918343,C
231,43.18188081315559,51.554265374626226,C
198,50.339257584976785,41.68716060009491,B
222,50.68410705460728,47.79694510912801,C
232,47.23719573249564,55.850513922800545,C
218,47.29825436936315,45.72119974163818,C
235,52.68657376963781,48.804586257923916,C
221,52.67898128955061,51.128676488450324,A
233,49.50433502999699,48.653575518532286,C
205,49.15840910691653,45.0469309462006,B
195,39.960855049846394,44.71347107026067,B
235,48.84418526688021,62.907140736625806,B
183,41.79451079242414,43.170415023597,A
223,47.3125166056617,57.11560649442928,A
213,53.13041082657639,42.73258102638976,A
189,38.19779279249532,45.69904930396805,A
236,53.08092899557788,52.681492448950884,B
208,49.73189482179891,51.866804619200444,B
200,53.65360850902889,47.62915157784692,B
189,46.52351172462069,52.0255572991848,B
260,41.90839990822898,56.961611578275985,C
238,51.78163793558728,50.862691780991284,C
225,44.283228489016096,60.21492165272788,B
208,46.76939880646477,47.743837401852566,B
246,53.637859748048236,52.16202407539995,C
218,45.00222690929038,51.481776325868104,A
212,61.73730383608117,44.82397161749884,A
257,59.07084726653674,54.54142690023963,A
220,52.50072647521276,58.154684153918026,A
258,60.090867358028135,43.28710760544111,C
273,48.51721188493054,64.81762605988115,C
260,48.713676670427255,61.96337929214599,C
201,44.22065584768807,51.34711900448151,A
203,52.2503222709661,55.06958171735043,B
239,50.148753213337216,49.00407769973897,C
206,41.62727921346995,51.931862091581266,B
199,44.976852020303184,44.955995006995906,B
235,49.53360045789606,47.298753120517844,C
182,41.48384355246996,44.82094003803072,B
206,48.41356846454932,51.61465055560601,A
214,46.18846722783084,46.09960191276734,A
198,49.53207011740883,45.977671349802385,B
181,47.30673166821897,46.555381322662,A
206,45.557109302932794,48.63029964144462,C
207,48.77093086978651,49.30776090518544,B
206,49.288484056384604,44.33477492486672,A
258,51.76873649383248,58.05608076247681,C
186,46.013522120180625,47.5303201400705,B
211,47.80817090640235,46.02219857498048,A
219,49.30449416464104,50.72377539190615,A
203,54.663442663706086,51.77399871292826,B
224,53.88832393438725,52.855677255298275,B
189,45.64389638841888,41.180411722128355,B
204,51.01476029579886,50.563639364004246,A
269,58.406792723324614,58.68110596970578,C
172,41.95384878913028,40.15143042222557,A
217,47.07815607550584,43.81302870008466,C
228,46.193670698211506,59.15697222548057,B
230,58.30932719941714,48.87762840803706,B
224,55.8249252281,56.960994221389356,B
213,54.74808566799801,48.48226671184436,B
160,36.99385488877274,41.31277744607824,A
220,45.595263931761664,44.50450705365163,C
255,49.41247889537948,54.769268141027155,C
229,55.7868671320217,50.09640086896836,B
207,45.01103754773118,51.789647393847375,C
245,56.004602502819424,55.80269360405032,A
246,41.03012731152034,68.41360868892261,A
241,53.61809973621858,51.68079282565295,C
257,48.85081399753621,63.1925606739594,C
217,54.731987556591285,47.72781323705132,B
231,50.4535044236821,52.13346128346018,B
164,48.04717220050186,38.82907947500915,B
215,49.35792856432222,50.727196886162005,B
223,49.546557017580525,45.80421454021015,A
220,46.44765695653839,51.31933437898242,C
212,44.643705240214864,57.15337933267541,B
209,46.28350162809339,49.11998710065386,A
220,49.65474892933153,54.1319922903033,A
247,57.39156280902832,52.89755850061917,C
257,52.443018945447356,57.08858123423373,C
178,38.651746384451826,46.33516285367519,B
229,51.97418116774022,53.769180975341826,B
220,56.003642353595,51.529848576051286,B
235,49.99681766122049,55.76322613979647,C
225,55.16026359394839,52.550568292424686,A
229,50.00949774224761,47.986992346187655,C
230,47.487722229032585,50.5732552913605,C
246,52.35263548240072,59.98946622953996,C
250,55.334835333490744,54.13069550817025,C
242,46.5312511716071,53.111418220443156,C
235,48.91581454276821,54.05406115170989,B
196,46.37564022853999,43.055657809523346,B
223,57.08439803631127,52.473083185720476,B
189,49.94846704583263,43.58692562202194,A
219,51.097734840503044,52.721130064675755,B
205,39.37007973871804,44.79211253672511,C
189,58.280441418451375,37.361312600758886,B
242,55.56825249504841,54.453694114917404,A
245,52.21344573832905,55.00642503629934,C
224,55.385098945873494,50.602014809601165,A
177,47.556851230275726,43.45520102187449,A
210,44.35636850462622,53.388413889129076,A
204,46.75382123485686,50.77437147099474,A
201,51.62964338917569,45.541613959040824,A
194,46.799641775817356,50.33281287244234,B
230,50.01457820177753,52.35885913993966,C
209,53.30974727647,47.11061203697342,B
230,62.647541283038834,51.750031408415715,A
214,55.640155400183694,44.15598963738924,A
220,45.74430809841052,51.20266413402026,C
269,55.6595522416909,55.40407877376528,C
223,45.509933523191,47.642837258807695,C
235,52.087870036257435,53.941786323862786,A
240,51.83132735747381,55.612133005953005,B
208,46.72422804643824,50.86445476013761,B
231,47.56434153819396,53.228264097415305,B
248,53.789053980460174,55.6599360661934,C
215,47.23594120081397,44.61405517325725,B
243,42.353762124370164,59.14201468110282,C
248,54.560326109285036,58.108783110216294,C
220,53.40033838695241,48.884116816988204,A
223,46.8801584496545,56.720923142911104,A
214,53.536584075128125,49.849355671301495,A
190,56.354201267979654,40.69299910804755,A
225,58.70140051962789,55.35936154802603,B
198,44.633771755324396,51.03089380952112,A
192,49.391313306424735,47.77870295551026,B
204,48.84890605648964,48.1572579479759,A
204,55.57733214104065,47.10731511252168,A
217,46.81831395376665,51.602891755823045,C
199,45.19019296614701,44.27564649725519,B
220,50.187584061549586,55.80985353693731,B
216,53.03655718547402,49.214278230234136,A
218,51.475781561167246,51.576007393482314,B
234,55.202369758900446,52.458968741736385,B
260,49.48514376159332,59.866236130271204,C
246,57.611151016918605,44.093327977562275,C
231,53.09094999519815,46.52117223614347,C
209,54.9713920069457,49.31484943329387,B
221,53.52739063636314,43.5165304430939,C
214,45.32598963207908,43.222818516673726,C
200,56.48260746744476,36.43500463855351,C
211,47.02499393465149,50.172990932643955,B
247,48.06135436420233,57.49432993330528,C
181,42.48240798640336,47.551256811483455,A
214,49.96937313032524,49.36268030153703,B
227,47.95253869778476,47.51518733237844,C
227,59.04766590318627,48.57669002609747,A
241,48.81161283747126,51.41390310645885,B
198,43.55951887047382,49.774862972713194,A
225,55.17852093363547,55.046957991759776,B
235,51.06221411291519,47.89662850083596,C
237,57.98478193895589,45.004487853497686,C
225,56.117117908924136,47.79948761083613,C
215,49.152668642169324,48.04868028316985,B
242,51.233936245168024,47.127252876406175,C
203,44.82507627453384,51.61708781618167,B
